sequence,dada2_tax,dada2_pid,S1_rps10,S2_rps10,S1_its,S2_its
GAAAATCTTTGTGTCGGTGGTTCAAATCCACCTCCAGACAAATTAATTTTTTAAAACTTATGTTTATATTAAGAATTACATTTAAATCTATTAAAAAAATAAATAACATTAAACCTATTTTATTAAATCAAAAAAATTTAAATAAATTTAATAATATTAAAATAAATGGAATATTTAAAACAAAAAATAAAAATAAAATTTTTACAGTATTAAAATCACCACATGTTAATAAAAAAGCACGTGAACATTTTATTTATAAAAATTTTACACAAAAAGTTGAAATTAAATGTTTAAATATTTTTCAATTATTAAATTTTTTAATTTTGATTAAAAAAATCTTAACAGAAAATTTTATTATTACTACAAAAATAATTAAACAATAATTAATATATGCTTATAGCTTAATGGATAAAGCATTAGATTGCGGATCTACAAAATGAA,Eukaryota--100--Domain;Heterokontophyta--100--Kingdom;Stramenopiles--100--Phylum;Oomycetes--100--Class;Peronosporales--65--Order;Peronosporaceae--65--Family;Peronospora--56--Genus;Peronospora_tabacina--39--Species,72.9124236252546,12623,180,0,0
GAAAATCTTTGTGTCGGTGGTTCAAGTCCGCCTCCAAACATCTTATAAAAATGTATGTATATTTTACGAATTAGTTTTAAATCAGTAGAAAAAATAAATGAATTAAAAAAAAATATCTCAAAAATAAAAAAAATATATAATTTTAAAAATTTAAAAGTAAATGGTATTTTTAGAACAAAAAATAAAAATAAAATTTTTACATTATTAAAATCACCCCATGTTAATAAAAAATCACGTGAACATTTTATATATAAAAATTATATTCAAAAAATTGATTTAAATTTTTCAAATTTTTTTCAATTATTAAATTTTTTAGTAATTTTAAAAAAAATATTATCTAAAGATTTTTTAATCAATATCAAAATTATTAAAAAAAATAAAAAAAATATGCTTATAGCTTAATGGATAAAGCGTTAGATTGCGGATCTATAAAATGAA,Eukaryota--100--Domain;Heterokontophyta--100--Kingdom;Stramenopiles--100--Phylum;Oomycetes--100--Class;Pythiales--100--Order;Pythiaceae--100--Family;Pythium--100--Genus;Pythium_dissotocum--40--Species,99.7716894977169,7505,2356,0,0
GAAAATCTTTGTGTCGGTGGTTCAAGTCCACCTCCAGACAAAAATAATAACTATGTATATTTTAAGAATAACTTTTAAATCAATACAAAAAATAAATAATATTAAAAAAAATTTATTAAAATTAAAAAAAATAAATAAATTTAAAAATATTCAAATAAAAGGAATATTTAAAATAAAAGATAAAAATAAAATTTTTACTTTATTAAAATCACCTCACGTAAATAAAAAATCTCGTGAACATTTTATTTATAAAAATTATACTCAAAAAATAGATGTAAAATTTTCAAATATTATTGAATTATTTAATTTTATAATACTTATTAAAAAAGTTTTAACTAAAAATTTTATAATAAATTTTAAAATTATAAAATATAATAAAAAAAAAATGCTTATAGCTTAATGGATAAAGCGTTAGATTGCGGATCTATAAAATGAA,Eukaryota--100--Domain;Heterokontophyta--100--Kingdom;Stramenopiles--100--Phylum;Oomycetes--100--Class;Pythiales--100--Order;Pythiaceae--100--Family;Pythium--100--Genus;Pythium_cryptoirregulare--21--Species,99.7706422018349,102,6276,0,0
GAAAATCTTTGTGTCGGTGGTTCAAATCCGCCTCCAAACAAAAATATAAATTATTTTATATGTATATTTTAAGAATAAGTTTTAAATCTGTATCAAAAATAGATAAAATTAAAAAAGAATTATCAAGATTAAAAAAAATATATAATTTTAAAAATATAACAATTAATGGTATTTTTAAAACAAAAAATAAAGATAAAATTTTTACATTATTAAAATCACCTCATGTTAATAAAAAATCTCGCGAACATTTTATTTATAAAAATTATGTACAAAAAATAGATTTAAATTTTATTAATATTTTTCAATTAATAAATTTTTTAATAATTTTAAAAAAAAAATTATCAAAAAATGTATTAATAAATGTAAAAATAATTAAAAAATAAAAAAATATGCTTATAGCTTAATGGATAAAGCGTTAGATTGCGGATCTATAAAATGAA,Eukaryota--100--Domain;Heterokontophyta--100--Kingdom;Stramenopiles--100--Phylum;Oomycetes--100--Class;Pythiales--88--Order;Pythiaceae--88--Family;Pythium--81--Genus;Pythium_aphanidermatum--15--Species,86.8778280542986,0,3979,0,0
AAAAAGTCGTAACAAGGTTTCCGTAGGTGAACCTGCGGAAGGATCATTAGTGAATCTTCAAAGTCGGCTCGTCAGATTGTGCTGGTGGAGACACATGTGCACGTCTACGAGTCGCAAACCCACACACCTGTGCATCTATGACTCTGAGTGCCGCTTTGCATGGCCCCTTGATTTGGGCCTGGCGCTCGAGTACTTTCACACACTCTCGAATGTAATGGAATGTCTTCTTGTGCATAACGTACAAACAGAAACAACTTTCAACAACGGATCTCTTGGCTCTC,Eukaryota--100--Domain;Fungi--100--Kingdom;Basidiomycota--100--Phylum;Agaricomycetes--100--Class;Sebacinales--100--Order;Sebacinales_Group_B--100--Family;unidentified--100--Genus;Sebacinales_Group_B_sp--100--Species,99.1379310344828,0,0,3965,0
AAAAAGTCGTAACAAGGTTTCCGTAGGTGAACCTGCGGAAGGATCATTAGTGAATCTTCAAAGTCGGCTCGTCGGATTGTGCTGGTGGAGACACATGTGCACGTCTACGAGTCGCAAACCCACACACCTGTGCATCTATGACTCTGAGTGCCGCTTTGCATGGCCCCTTGATTTGGGCCTGGCGCTCGAGTACTTTCACACACTCTCGAATGTAATGGAATGTCTTGTTGTGCATAACGTACAAACAGAAACAACTTTCAACAACGGATCTCTTGGCTCTC,Eukaryota--100--Domain;Fungi--100--Kingdom;Basidiomycota--100--Phylum;Agaricomycetes--100--Class;Sebacinales--100--Order;Sebacinales_Group_B--100--Family;unidentified--100--Genus;Sebacinales_Group_B_sp--100--Species,100,0,0,3661,0
AAAAAGTCGTAACAAGGTTTCCGTAGGTGAACCTGCGGAAGGATCATTAGTGAATCTTCAAAGTCGGCTCGTCGGATTGTGCTGGTGGAGACACATGTGCACGTCTACGAGTCGCAAACCCACACACCTGTGCATCTATGACTCTGAGTGCCGCTTTGCATGGCCCCTTGATTTGGGCCTGGCGCTCGAGTACTTTCACACACTCTCGAATGTAATGGAATGACTTGTTGTGCATAACGTACAAACAGAAACAACTTTCAACAACGGATCTCTTGGCTCTC,Eukaryota--100--Domain;Fungi--100--Kingdom;Basidiomycota--100--Phylum;Agaricomycetes--100--Class;Sebacinales--100--Order;Sebacinales_Group_B--100--Family;unidentified--100--Genus;Sebacinales_Group_B_sp--100--Species,99.5689655172414,0,0,0,2432
AAAAAGTCGTAACAAGGTTTCCGTAGGTGAACCTGCGGAAGGATCATTAGTGAATCTTCAAAGTCGGCTCGTCGGATTGTGCTGGTGGAGACACATGTGCACATCTACGAGTCGCAAACCCACACACCTGTGCATCTATGACTCTGAGTGCCGCTTTGCATGGCCCCTTGATTTGGGCCTGGCGCTCGAGTACTTTCACACACTCTCGAATGTAATGGAATGTCTTGTTGTGCATAACGTACAAACAGAAACAACTTTCAACAACGGATCTCTTGGCTCTC,Eukaryota--100--Domain;Fungi--100--Kingdom;Basidiomycota--100--Phylum;Agaricomycetes--100--Class;Sebacinales--100--Order;Sebacinales_Group_B--99--Family;unidentified--99--Genus;Sebacinales_Group_B_sp--99--Species,99.5689655172414,0,0,0,1955
AAGTCGTAACAAGGTTTCCGTAGGTGAACCTGCGGAAGGATCATTAAAAATGAAGCCGGGAAACCGGTCCTTCTAACCCTTGATTATCTTAATTTGTTGCTTTGGTGGGCCGCGCAAGCACCGGCTTCGGCTGGATCGTGCCCGCCAGAGGACCACAACTCTGTATCAAATGTCGTCTGAGTACTATATAATAGTTAAAACTTTCAACAACGGATCTCTTGGTTCTG,Eukaryota--100--Domain;Fungi--100--Kingdom;Ascomycota--100--Phylum;Leotiomycetes--80--Class;Helotiales--80--Order;unidentified--78--Family;unidentified--78--Genus;Helotiales_sp--78--Species,79.7356828193833,0,0,274,1611
GAAAATCTTTGTGTCGGTGGTTCAAGTCCGCCTCCAAACATCTTATAAAAATGTATGTATATTTTACGAATTAGTTTTAAATCAGTAGAAAAAATAAATGAATTAAAAAAAAATATCTCAAAAATAAAAAAAATATATAATTTTAAAAATTTAAAAGTAAAATGGTATTTTTAGAACAAAAAATAAAAATAAAATTTTTACATTATTAAAATCACCCCATGTTAATAAAAAATCACGTGAACATTTTATATATAAAAATTATATTCAAAAAATTGATTTAAATTTTTCAAATTTTTTTCAATTATTAAATTTTTTAGTAATTTTAAAAAAAACATTATCTAAAGATTTTTTAATCAATATTAAAATTATTAAAAAAAATAAAAAAATATGCTTATAGCTTAATGGATAAAGCGTTAGATTGCGGATCTATAAAATGAA,Eukaryota--100--Domain;Heterokontophyta--100--Kingdom;Stramenopiles--100--Phylum;Oomycetes--100--Class;Pythiales--100--Order;Pythiaceae--100--Family;Pythium--100--Genus;Pythium_oopapillum--56--Species,99.5444191343963,0,1592,0,0
AAGTCGTAACAAGGTTTCCGTAGGTGAACCTGCGGAAGGATCATTACTGGGTAAAGGCTTTTCGCCTCCAACCCCACCCTCTGTAACTGCGGCCCGGATTCGGCGCCTGGCGGGAAACCCCTCTGTTCGCGGAGGCTCCTCGCCTGCCGGAATCAGCCAACACTGTCTCAAAAATTGAAGTCTGAGAACAAGTTTAAAACTAAACAAAACTTTCAACAACGGATCTCTTGGTTCTG,Eukaryota--100--Domain;Fungi--100--Kingdom;Ascomycota--100--Phylum;Dothideomycetes--71--Class;Venturiales--71--Order;Venturiaceae--71--Family;Venturia--52--Genus;Venturia_sp--52--Species,95.7894736842105,0,0,337,545
AAGTCGTAACAAGGTTTCCGTAGGTGAACCTGCGGAAGGATCATTAACGAGTTCAGTCCCGGGATTGATGCTGGCGGCCCCTCTCGGGGAGGCATGTGCTCGTCCTGTGGGCCATCCACACTCACCAACCCCCTTTGTGCACCATGAGAGGTGTGGGTCCCCCTTAACCCCGGGGATCAACACTTCGAACGCATATACACACACTTCTATTCAGTTCTGTAGAATGTAATGACCGGGTAGCCGGTCGAACCTAAATACAACTTTCAACAACGGATCTCTTGGCTCTC,Eukaryota--100--Domain;Fungi--100--Kingdom;Ascomycota--54--Phylum;Dothideomycetes--22--Class;Pleosporales--18--Order;unidentified--18--Family;unidentified--18--Genus;Pleosporales_sp--18--Species,56.9023569023569,0,0,334,153
AAGTCGTAACAAGGTCTCCGTAGGTGAACCTGCGGAGGGATCATTACAGAGAACATCGCCCTCACGGGTGACTCTCCAACCCTATGTTATACAACCTTTGTTGCTTTGGCGAGCCGCCTCGGCCGCTGGCTTCGGCTAGCGAGTGCTCGCCAGAGGACCCCAAACTCTGAATATTAATGTCGTCTGAGTACTATATAATAGTTAAAACTTTCAACAACGGATCTCTTGGTTCTG,Eukaryota--100--Domain;Fungi--100--Kingdom;Ascomycota--100--Phylum;Leotiomycetes--99--Class;Helotiales--99--Order;Helotiales_fam_Incertae_sedis--95--Family;Xenopolyscytalum--95--Genus;Xenopolyscytalum_pinea--93--Species,100,0,0,0,471
AAGTCGTAACAAGGTTTCCGTAGGTGAACCTGCGGAAGGATCATTAATGAAAACTTCAGGAGTTGCTGCTGGCCTCTCGAGGCACTCGTGCACGCTCCGTTTTTCATCCACCCACACCTGTGCACAATCCTTTTTTGAGAGGGAAAATGGGATTTCTTCGGAATGTCCCTCTTTTCCTCCAAAAAATCAATCACACACTCTACGCAATCGTCAGAACGAACTTGTTTTTTTGTAAACAAACTTAACAACTTTCAACAACGGATCTCTTGGCTCTC,Eukaryota--100--Domain;Fungi--100--Kingdom;Ascomycota--39--Phylum;Dothideomycetes--20--Class;Pleosporales--19--Order;unidentified--19--Family;unidentified--19--Genus;Pleosporales_sp--19--Species,58.4837545126354,0,0,0,447
AAGTCGTAACAAGGTTTCCGTAGGTGAACCTGCGGAAGGATCATTAACGAGTTCAACTGGGGTCTGTGGGGATTCGATGCTGGCCTCCGGGCATGTGCTCGTCCCCCGGACCTCACATCCACTCACAACCCCTGTGCATCATGAGAGGTGTGGTCCTCCGTCATGGGAGCAGCTCCCCTCCGGGCGTGTTTGTACACCCCGGGCGGTCGAGCCGGGACTGCACTTCGACGCCTTTACACAAACCTTTGAATCAGTGATGTAGAATGTCATGGCCAGCGATGGTCGAACTTTAAATACAACTTTCAACAACGGATCTCTTGGCTCTC,Eukaryota--100--Domain;Fungi--100--Kingdom;Ascomycota--45--Phylum;Lecanoromycetes--23--Class;Teloschistales--20--Order;Teloschistaceae--17--Family;Gyalolechia--17--Genus;Gyalolechia_lenae--17--Species,56.7073170731707,0,0,380,65
AAGTCGTAACAAGGTCTCCGTTGGTGAACCAGCGGAGGGATCATTACCGGGTCTAGCGACTGCCCGAACCACTACACTGTGCACTATTCCAAAACAAATTTCTACGCTGCGGCGGGCCGCTCGCTGGAGGGGCCCCGGGCCGAAAGGCTGGCCTGCCAAAGCAACCCTTAAAATATTTTGAAGCACTTCTGAGAGGCGCCGATAGCCTTTTTATCAAAGGTGATCACAACCCACAACAATGGATCTCTTGGCTCTG,Eukaryota--100--Domain;Fungi--100--Kingdom;Ascomycota--85--Phylum;Sordariomycetes--53--Class;Sordariomycetidae_ord_Incertae_sedis--37--Order;Sordariomycetidae_fam_Incertae_sedis--37--Family;Savoryella--37--Genus;Savoryella_longispora--34--Species,60.655737704918,0,0,14,407
AAGTCGTAACAAGGTTTCCGTAGGTGAACCTGCGGAAGGATCATTAACGAGTTCAGTCCCGGGATTGATGCTGGCGGCCCCTCTCGGGGAGGCATGTGCTCGTCCTGTGGGCCATCCACACTCACAACCCCTTTGTGCACCATGAGAGGTGTGGGTCCTCCCTTAACCCGGGGGGGATCAACACTTCGAACGCATATACACACACTTCTATTCAGTTCTGTAGAATGTAATGACCGGGTAGCCGGTCGAACCTATATACAACTTTCAACAACGGATCTCTTGGCTCTC,Eukaryota--100--Domain;Fungi--100--Kingdom;Ascomycota--50--Phylum;Dothideomycetes--10--Class;Pleosporales--9--Order;unidentified--9--Family;unidentified--9--Genus;Pleosporales_sp--9--Species,56.2068965517241,0,0,261,122
GAAAATCTTTGTGTCGGTGGTTCAAATCCACCTCCAGACAAATTAATTTTTTAAAACTTATGTTTATATTAAGAATTACATTTAAATCTATTAAAAAAACAAATAACATTAAACCTATTTTATTAAATCAAAAAAATTTAAATAAATTTAATAATATTAAAATAAATGGAATATTTAAAACAAAAAATAAAAATAAAATTTTTACAGTATTAAAATCACCACATGTTAATAAAAAAGCACGTGAACATTTTATTTATAAAAATTTTACACAAAAAGTTGAAATTAAATGTTTAAATATTTTTCAATTATTAAATTTTTTAATTTTGATTAAAAAAATCTTAACAGAAAATTTTATTATTACTACAAAAATAATTAAACAATAATTAATATATGCTTATAGCTTAATGGATAAAGCATTAGATTGCGGATCTACAAAATGAA,Eukaryota--100--Domain;Heterokontophyta--100--Kingdom;Stramenopiles--100--Phylum;Oomycetes--100--Class;Peronosporales--76--Order;Peronosporaceae--76--Family;Peronospora--67--Genus;Peronospora_tabacina--48--Species,72.7087576374745,367,0,0,0
AAGTCGTAACAAGGTTTCCGTAGGTGAACCTGCGGAAGGATCATTAATGAAAACTTCAGGAGTTGCTGCTGGCCTCTCGAGGCACTTGTGCACGCTCCGTTTTTCATCCACCCACACCTGTGCACAATCCATTTTTTGAGAGGGAAAACGGGACTTCTTCGGAATTGTCCCTCTTTTCCTCCAAAAAATCAATCACACACTCTACGCAATCGTCAGAACGAACTTGTTTTTTTGTAAACAAACTTAACAACTTTCAACAACGGATCTCTTGGCTCTC,Eukaryota--100--Domain;Fungi--100--Kingdom;Ascomycota--38--Phylum;Dothideomycetes--20--Class;Pleosporales--19--Order;unidentified--18--Family;unidentified--18--Genus;Pleosporales_sp--18--Species,58.9928057553957,0,0,0,349
AAGTCGTAACAAGGTCTCCGTAGGTGAACCTGCGGAGGGATCATTACAGAGAACATCGCCCTCACGGGTGACTCTCCAACCCTATGTTATACAACCTTTGTTGCTTTGGCGAGCCGCCTCGGCCGCTGGCTTCGGCTAGCGAGTGCTCGCCAGAGGACCCCAAACTCTGAATATTTTAATGTCGTCTGAGTACTATATAATAGTTAAAACTTTCAACAACGGATCTCTTGGTTCTG,Eukaryota--100--Domain;Fungi--100--Kingdom;Ascomycota--100--Phylum;Leotiomycetes--100--Class;Helotiales--100--Order;Helotiales_fam_Incertae_sedis--98--Family;Xenopolyscytalum--98--Genus;Xenopolyscytalum_pinea--94--Species,98.9473684210526,0,0,251,0
AAGTCGTAACAAGGTTTCCGTAGGTGAACCTGCGGAAGGATCATTAAAGAATCGCCCCGTTTTTCGAAATGGGTTCTATTCCCAAACCGTGTATACATACCTTTGTTGCTTTGGCAGGCCGCCTTCTAGGCGTCGGCTTCGGCGGACTGCGCCTGCCAGAAGACCCAAACTCGTTTGTTTAGTGATGTCTGAGTACTATATAATAGTTAAAACTTTCAACAACGGATCTCTTGGTTCTG,Eukaryota--100--Domain;Fungi--100--Kingdom;Ascomycota--100--Phylum;Leotiomycetes--100--Class;unidentified--100--Order;unidentified--100--Family;unidentified--100--Genus;Leotiomycetes_sp--100--Species,98.989898989899,0,0,133,113
AAGTCGTAACAAGGTTTCCGTAGGTGAACCTGCGGAAGGATCATTAAAGAACGCCCCGTTTTTTGAAATGGGTAATTCCCAAACCGTGTCTATATACCTTTGTTGCTTTGGCAGGTCGCCTTCTAGGAGGCGTCGGCTCCGGCTGACTGCGCCTGCCAGAGGACCCAAACTCGTTTTGTTTAGTGTCGTCTGAGTACTATATAATAGTTAAAACTTTCAACAACGGATCTCTTGGTTCTG,Eukaryota--100--Domain;Fungi--100--Kingdom;Ascomycota--100--Phylum;Leotiomycetes--100--Class;unidentified--70--Order;unidentified--70--Family;unidentified--70--Genus;Leotiomycetes_sp--70--Species,80.8333333333333,0,0,208,11
AAGTCGTAACAAGGTTTCCGTAGGTGAACCTGCGGAAGGATCATTAAAGAATGCCCCGTTTTTTGAAATGGGTTCTATTCCCAACCGTGTATACATACCTTTGTTGCTTTGGCAGGCCGCCTTCTAGGCGTTGGCTCCGGCTAACTGCGCTTGCCAGAGGACCCAAACTCGTTTGTTTAGTGATGTCTGAGTACTATATAATAGTTAAAACTTTCAACAACGGATCTCTTGGTTCTG,Eukaryota--100--Domain;Fungi--100--Kingdom;Ascomycota--99--Phylum;Leotiomycetes--99--Class;Leotiomycetes_ord_Incertae_sedis--27--Order;Leotiomycetes_fam_Incertae_sedis--27--Family;Meliniomyces--27--Genus;Meliniomyces_sp--24--Species,95.1219512195122,0,0,160,57
AAGTCGTAACAAGGTTTCCGTAGGTGAACCTGCGGAAGGATCATTAAAGAATGCCCCGTTTTTTGAAACGGGTTCTATTCCCAAACCGTGTATACATACCTTTGTTGCTTTGGCAGGCCGCCTTCGGGCGTTGGCTCACGCTGACCGCGCCTGCCAGAGGACCCAAACTCGTTTGTTTAGTGATGTCTGAGTACTATATAATAGTTAAAACTTTCAACAACGGATCTCTTGGTTCTG,Eukaryota--100--Domain;Fungi--100--Kingdom;Ascomycota--100--Phylum;Leotiomycetes--99--Class;Leotiales--43--Order;Leotiaceae--43--Family;Pezoloma--43--Genus;Pezoloma_ericae--43--Species,97.9591836734694,0,0,142,57
AAGTCGTAACAAGGTTTCCGTAGGTGAACCTGCGGAAGGATCATTAGTGAATCTTCAAAGTCGGCTTGTCGGATTGTGCTGGTGGAGACACATGTGCACATCTGCGAGTCGCAAACCCACACACCTGTGCATCTATGACTCTGAGTGCCGCTTTGCGTGGTCCTTGATTGGGCCTGGCGCTCGAGTACTTTCACACACTCTCGAATGTAATGGAATGTCTTGTTGTGCATAAATGTACAAACAGAAACAACTTTCAACAACGGATCTCTTGGCTCTC,Eukaryota--100--Domain;Fungi--100--Kingdom;Basidiomycota--100--Phylum;Agaricomycetes--100--Class;Sebacinales--100--Order;Sebacinales_Group_B--87--Family;unidentified--87--Genus;Sebacinales_Group_B_sp--87--Species,96.137339055794,0,0,180,0
AAGTCGTAACAAGGTTTCCGTAGGTGAACCTGCGGAAGGATCATTAACAGTAACATGGTTATGCTTCTAGCATAGACTGAATGAAACCCACTCTGAGTACCTCTGCCTGTTGCTTCCGTAGGGCATGACATCCGTCACTCTTGACTTTAATATTCTCAAGGGAGTCCTTACGGGAGGTATACTATTGAAACTCTTGCACTTCAATGTCTTCTGTCTGAAACTGTTTACAGCAAACATTAAAACTTTCAACAACGGATCTCTTGGTTCTC,Eukaryota--100--Domain;Fungi--100--Kingdom;Ascomycota--100--Phylum;Pezizomycetes--100--Class;Pezizales--100--Order;Pyronemataceae--100--Family;Trichophaea--96--Genus;Trichophaea_sp--92--Species,99.5555555555556,0,0,138,34
AAGTCGTAACAAGGTCTCCGTTGGTGAACCAGCGGAGGGATCATTACAGAGTTCTAAAAGACTCCCAAACCATTGTGAACATACCCGTCAGCGTTGCTTCGGCGGGCGTCCCCTCCCTGGGGACGCTGCCCTTCGGGGTGCCCGCCGGTGCTTACGAAACTCTTTTGTATTTTAGTGGCCTCTCTGAGAAAACAAACAAATAAGTTAAAACTTTCAACAACGGATCTCTTGGTTCTG,Eukaryota--100--Domain;Fungi--100--Kingdom;Ascomycota--100--Phylum;unidentified--47--Class;unidentified--47--Order;unidentified--47--Family;unidentified--47--Genus;Ascomycota_sp--47--Species,100,0,0,0,167
AAGTCGTAACAAGGTTTCCGTAGGTGAACCTGCGGAAGGATCATTATTGAAAAAGACAAGACGCCCCGTTTTTTCGTAAAATGGGTTCAATACCCACAACCGTGTATACCTTACCTTTGTTGCTTTGGCAGGCCGCCTCCGGGCGTTGGCTTCGGCTGACAGCGCCTGCCAGAGGACCCAAACTCTGTGTTTAGTGATGTCTGAGTAATATATAATATTTTAAAACTTTCAACAACGGATCTCTTGGTTCTG,Eukaryota--100--Domain;Fungi--100--Kingdom;Ascomycota--100--Phylum;Leotiomycetes--100--Class;Helotiales--100--Order;Helotiaceae--91--Family;Rhizoscyphus--91--Genus;Rhizoscyphus_sp--91--Species,99.0291262135922,0,0,165,0
AAGTCGTAACAAGGTTTCCGTAGGTGAACCTGCGGAAGGATCATTAACAGTAACATGGTTATGCTTCTAGCATAGACTGAATGAAACCCACCCTGAGTACCTTTGCCTGTTGCTTCCGTAGGGCATGACATCTGTCACTCTTGAGCTTAAAAACCTCAAGGGAGTCCTTACGGGAGGTATACTATTGAAACTCTTGCACTTCAATGTCTTCTGTCTGAACTTGTTTACAGCAAACATTAAAACTTTCAACAACGGATCTCTTGGTTCTC,Eukaryota--100--Domain;Fungi--100--Kingdom;Ascomycota--100--Phylum;Pezizomycetes--100--Class;Pezizales--100--Order;Pyronemataceae--100--Family;Trichophaea--100--Genus;Trichophaea_hybrida--100--Species,99.5670995670996,0,0,0,165
AAGTCGTAACAAGGTTTCCGTAGGTGAACCTGCGGAAGGATCATTAGTGAATCTTCAAAAGTCGGCTCGTCGGATTGTGCTGGTGGAGACACATGTGCACGTCTTGCGAGTCGCAAACCCACACACCTGTGCATCTATGACTCTGAGTGCCACTTTGCATGGCCTTGACCGGCCTGGCGCTCGAGTACTTTTCACACACTCGAATGTAATGGAATGTCTTGTTGTGCGTAATGTACAAACTGAAACAACTTTCAACAACGGATCTCTTGGCTCTC,Eukaryota--100--Domain;Fungi--100--Kingdom;Basidiomycota--100--Phylum;Agaricomycetes--100--Class;Sebacinales--100--Order;Sebacinales_Group_B--92--Family;unidentified--92--Genus;Sebacinales_Group_B_sp--92--Species,95.6331877729258,0,0,160,0
AAGTCGTAACAAGGTTTCCGTAGGTGAACCTGCGGAAGGATCATTAGTGAATCTTCAAAGTCGGCTCGTCGGATTGTGCTGGTGGAGACACATGTGCACGTCTGCGAGTCGCAAACCCACACACCTGTGCATCTATGACTCTGAGTGCCGCTTTGTGTGGCCCTTGATTGGGCCTGGTGCTCGAGTACTTTCACACACTCTCGAATGTAATGGAATGTCTTGTTGTGCATAAATGTACAAACAGAAACAACTTTCAACAACGGATCTCTTGGCTCTC,Eukaryota--100--Domain;Fungi--100--Kingdom;Basidiomycota--100--Phylum;Agaricomycetes--100--Class;Sebacinales--100--Order;Sebacinales_Group_B--95--Family;unidentified--95--Genus;Sebacinales_Group_B_sp--95--Species,97.4025974025974,0,0,150,0
AAGTCGTAACAAGGTTTCCGTAGGTGAACCTGCGGAAGGATCATTATCGAGTTTGTGGGGGGTGGATTGATGCTGGCCGCACTTGTGTGGCATGTGCTCGTCTCCCTCTTCGTCCCACTCTCAACCCCATGTGCACCGTGAGGGGTGTTGGTCCCGCCAGTCGGGACGGACGCCTCGAACCCCCCTACACACACAAACCAGTATGAACCGAATGTAATAATTTGATAAATCATTACAACTTTCAACAACGGATCTCTTGGCTCTC,Eukaryota--100--Domain;Fungi--100--Kingdom;Ascomycota--47--Phylum;Dothideomycetes--30--Class;Pleosporales--28--Order;unidentified--28--Family;unidentified--28--Genus;Pleosporales_sp--28--Species,61.0486891385768,0,0,121,0
AAAAAGTCGTAACAAGGTTTCCGTAGGTGAACCTGCGGAAGGATCATTAGTGAATCTTCAAAGTCGGCTTGTCGGATTGTGCTGGTGGAGACACATGTGCACATCTGCAAGTCGCAAACCCACACACCTGTGCATCTATGACTCTGAGTGCCACATTGCATGGCCCCTTGATTTGGGCCTGGCGCTCGAGTATTTTCACACACTCTTGAATGTAATGGAATGTCTTGTTGTGCATAACGTACAAACAGAAACAACTTTCAACAACGGATCTCTTGGCTCTC,Eukaryota--100--Domain;Fungi--100--Kingdom;Basidiomycota--100--Phylum;Agaricomycetes--100--Class;Sebacinales--100--Order;Sebacinales_Group_B--94--Family;unidentified--94--Genus;Sebacinales_Group_B_sp--94--Species,96.551724137931,0,0,120,0
AAGTCGTAACAAGGTCTCCGTAGGTGAACCTGCGGAGGGATCATTACAGAGAACATCGCCCTCACGGGTGACTCTCCAACCCTTATGTTATTAAAACCTTTGTTGCTTTGGCGAGCCGCTTCGGCCACCGGCGTCTTGCTGGTGTGCGCTCGCCAGAGGACCCCAAACTCTTGTTTATTAATGTCGTCTGAGTACTATATAATAGTTAAAACTTTCAACAACGGATCTCTTGGTTCTG,Eukaryota--100--Domain;Fungi--100--Kingdom;Ascomycota--100--Phylum;Leotiomycetes--70--Class;Helotiales--70--Order;unidentified--67--Family;unidentified--67--Genus;Helotiales_sp--67--Species,97.2222222222222,0,0,15,93
AAGTCGTAACAAGGTTTCCGTAGGTGAACCTGCGGAAGGATCATTAATGAAATACAAGTCGGCGGATTGTGCTGGCGCGCAAGCGCATGTGCACGTCTGTTGCAAATCCACACACCTGTGCACCTTAGACTCTGAGTGAGCTTTCGTAACCGATTGCACCTCGGAGTATTTTACACACGCTGAATGTAAAAGGATGTTGTAGTGCCTAGCACAAAAAAACTTACAACTTTCAACAACGGATCTCTTGGCTCTC,Eukaryota--100--Domain;Fungi--100--Kingdom;Ascomycota--31--Phylum;Dothideomycetes--19--Class;Pleosporales--17--Order;unidentified--17--Family;unidentified--17--Genus;Pleosporales_sp--17--Species,60.0790513833992,0,0,0,101
AAGTCGTAACAAGGTTTCCGTAGGTGAACCTGCGGAAGGATCATTAACGAATTACAAAGTCGGCCTTGCTGTTGCTGGTGGAAACACATGTGCACGCTCGGTTGCAAATCCACACACCTGTGCATCTATGACTCGAGGTTGTTGTCGTATGACCGAGAGTAACTTTTACACACTCTTGAATGTAATGGAATGTCTACTGTGCATAATGTACAATTAAACAACTTTCAACAACGGATCTCTTGGCTCTC,Eukaryota--100--Domain;Fungi--100--Kingdom;Basidiomycota--100--Phylum;Agaricomycetes--100--Class;Sebacinales--100--Order;unidentified--75--Family;unidentified--75--Genus;Sebacinales_sp--75--Species,79.1164658634538,0,0,95,0
AAGTCGTAACAAGGTTTCCGTAGGTGAACCTGCGGAAGGATCATTCATAATCAAGTGTTTTTATGGCACTTTCAAAAATCCATATCCACCTTGTGTGCAATGTCATCTCACTGGAGGTCAACGGCTGTAAAAATCCGTTTGGTCACCTTTGGGATTTATATCTACTCAGAACTTTAGTGATTTTGTCTGAAACATATTATGAATACTTAATTCAAAATACAACTTTCAACAACGGATCTCTTGGCTCTC,Eukaryota--100--Domain;Fungi--100--Kingdom;Zygomycota--100--Phylum;Mortierellomycotina_cls_Incertae_sedis--100--Class;Mortierellales--100--Order;Mortierellaceae--100--Family;Mortierella--100--Genus;Mortierella_amoeboidea--97--Species,100,0,0,16,61
AAGTCGTAACAAGGTTTCCGTAGGTGAACCTGCGGAAGGATCATTAAAGAATGCCCCGTTTTTTGAAATGGGTTCTATTCCCAAACCGTGTATACATACCTTTGTTGCTTTGGCAGGCCGCCTTCTAGGCGTTGGCTCCGGCTAACTGCGCCTGCCAGAGGACCCAAACTCGTTTGTTTAGTGATGTCTGAGTACTATATAATAGTTAAAACTTTCAACAACGGATCTCTTGGTTCTG,Eukaryota--100--Domain;Fungi--100--Kingdom;Ascomycota--100--Phylum;Leotiomycetes--100--Class;unidentified--48--Order;unidentified--48--Family;unidentified--48--Genus;Leotiomycetes_sp--48--Species,98.0099502487562,0,0,72,0
AAGTCGTAACAAGGTTTCCGTAGGTGAACCTGCGGAAGGATCATTATCGTAGGGCTTCGGTCCTGTCGAGATAGCGTCCTTGCCTATTTTTTGGAGTACCTTTTCGTTTCCTCGGCAGGCTTGCCTGCCACTGGGGACCCTTTAAACTCTTTGTAAATACAGCATCTGTCTGAATAAACAAACAAAAATCAAAACTTTCAACAATGGATCTCTTGGTTCTG,Eukaryota--100--Domain;Fungi--100--Kingdom;Ascomycota--100--Phylum;Dothideomycetes--100--Class;Pleosporales--100--Order;Lophiostomataceae--72--Family;Lophiostoma--72--Genus;Lophiostoma_sp--72--Species,82.4324324324324,0,0,0,62
AAGTCGTAACAAGGTTTCCGTAGGTGAACCTGCGGAAGGATCATTACAGAGAACATCGCCCTCACGGGTGACTCTCCAACCCTTTGTTATTATACCTTTGTTGCTTTGGCGAGCCGCCTCGGCCACCGGCTCACGCTGGTGAGTGCTCGCCAGAGGACCCCAAACTCTGAATATTAGTGTCGTCCGAGTATTATATAATAGTTAAAACTTTCAACAACGGATCTCTTGGTTCTG,Eukaryota--100--Domain;Fungi--100--Kingdom;Ascomycota--100--Phylum;unidentified--97--Class;unidentified--97--Order;unidentified--97--Family;unidentified--97--Genus;Ascomycota_sp--97--Species,100,0,0,17,43
AAGTCGTAACAAGGTTTCCGTAGGTGAACCTGCGGAAGGATCATTAATGAATATAGGACGTTTGCTCGTAAAACAGCAAGGTCCGACCTCCATTTTCTTACACTGTGCATTTATTGGCGAGATTATTGAAGAAGCTTGCTTTTTCGATCGTCTTGCGGCTCATTTATTAACACCAGTCAAAGTATGTAACGAAATATCGAAATAAAATAAAACTTTCAACAACGGATCTCTTGGCTCTC,Eukaryota--100--Domain;Fungi--100--Kingdom;Basidiomycota--100--Phylum;Microbotryomycetes--100--Class;unidentified--100--Order;unidentified--100--Family;unidentified--100--Genus;Microbotryomycetes_sp--100--Species,80.3347280334728,0,0,2,57
AAGTCGTAACAAGGTTTCCGTAGGTGAACCTGCGGAAGGATCATTCATAATAAAGTGTTTTATGGCACTTTTTAAAAAAAATCCATATCCACCTTGTGTGCAATGTATTTTAGATCTCGCCAAATTATTTTTTGATAATTTGGCAAGGTTTTATTATATTACATCAACTCTTTTTTAATATGATTTGTCTGAAAAATATTATGAATTGTCAACTTAATTCAAAATACAACTTTCAACAACGGATCTCTTGGCTCTC,Eukaryota--100--Domain;Fungi--100--Kingdom;Zygomycota--98--Phylum;Mortierellomycotina_cls_Incertae_sedis--98--Class;Mortierellales--98--Order;Mortierellaceae--98--Family;Mortierella--98--Genus;Mortierella_chlamydospora--54--Species,90.2777777777778,0,0,0,51
AAGTCGTAACAAGGTTTCCGTAGGTGAACCTGCGGAAGGATCATTAATGAAATACAAGTCGGCGGATTGTGCTGGCGCGCAAGCGTATGTGCACGTCTGTTGCAAATCCACACACCTGTGCACCTTAGACTCTGAGTGAGCTTTCGTAATCGATTGCACCTCGGAGTATTTTACACACGCTGAATGTAAAAGGATGTTGTAGTGCCTAGCACAAAAAAACTTACAACTTTCAACAACGGATCTCTTGGCTCTC,Eukaryota--100--Domain;Fungi--100--Kingdom;Ascomycota--38--Phylum;Dothideomycetes--24--Class;Pleosporales--23--Order;unidentified--23--Family;unidentified--23--Genus;Pleosporales_sp--23--Species,60.0790513833992,0,0,0,50
AAGTCGTAACAAGGTTTCCGTAGGTGAACCTGCGGAAGGATCATTACAGTGTTCCCTGCCCTTCGGGGTAGGATCGCCACCCTTGATTATTTATGAGTGTTGCTTTGGCGGGCCTCGCGGCCTGGCCGCGCCCCGGCTTCGGCGGGGGAGCGCCCGCCAGAGGATTCTACAAACCTGATTATTAGTGTCGTCTGAGTACTATATAATAGTTAAAACTTTCAACAACGGATCTCTTGGTTCTG,Eukaryota--100--Domain;Fungi--100--Kingdom;Ascomycota--100--Phylum;unidentified--70--Class;unidentified--70--Order;unidentified--70--Family;unidentified--70--Genus;Ascomycota_sp--70--Species,100,0,0,11,36
AAGTCGTAACAAGGTTTCCGTAGGTGAACCTGCGGAAGGATCATTACTGAGTGAGGGCCCTCTGGGTCCAACCTCCCACCCGTGTTTATTGTACCTTGTTGCTTCGGTGCGCCCGCCTCACGGCCGCCGGGGGGCTTCTGCCCCCGGGTCCGCGCGCACCGGAGACACCATTGAACTCTGTCTGAAGATTGCAGTCTGAGCATAAACTAAATAAGTTAAAACTTTCAACAACGGATCTCTTGGTTCCG,Eukaryota--100--Domain;Fungi--100--Kingdom;Ascomycota--100--Phylum;Eurotiomycetes--100--Class;Eurotiales--100--Order;Trichocomaceae--100--Family;Penicillium--100--Genus;Penicillium_spinulosum--45--Species,100,0,0,4,43
AAGTCGTAACAAGGTTTCCGTAGGTGAACCTGCGGAAGGATCATTACAGAGCTTCGAAGCCTGGAGGGTTTACTCTTCAGGCGAGAACTCCACCCTTTGTTTACATTACCTTTGTTGCTTTAGCAGGCCCGCTTTCGGGCCGCCGGCAATAGCTGGTCAGTGCCTGCTAGAGGACCTAAAACTCATGTTAATAAAGTTGTCTGAGTACTATATAATAGTTAAAACTTTCAACAACGGATCTCTTGGTTCTG,Eukaryota--100--Domain;Fungi--100--Kingdom;Ascomycota--100--Phylum;Leotiomycetes--98--Class;Helotiales--47--Order;unidentified--47--Family;unidentified--47--Genus;Helotiales_sp--47--Species,90.6976744186046,0,0,0,45
AAGTCGTAACAAGGTAACCGTAGGTGAACCTGCGGTTGGATCATTAAAAAATTCCAACTAAAAGTTAGCTAGCCTTTATAGGCTGCTAATCTTTTAAACCCTTGTGAACTGTTTATTGTCTATGGTGGGTTAAAAGATCTCTATCTTTCTCTTGTAGTTAGTAAAGATTGGCTTTAACCAGCTACCCACCTATTTATTAAACACCTTAAATATTTTTAGTCTTTAACAATTCTATTTTGAATTCTTTGAATTTAAAAACAACTTTTGACAACGGATCTCTTGGTTCTC,Eukaryota--100--Domain;Fungi--100--Kingdom;Chytridiomycota--31--Phylum;Chytridiomycetes--23--Class;Rhizophydiales--7--Order;Pateramycetaceae--6--Family;Pateramyces--6--Genus;Pateramyces_corrientinensis--6--Species,56.5068493150685,0,0,3,39
AAGTCGTAACAAGGTTTCCGTAGGTGAACCTGCGGAAGGATCATTACTGGGTAAAGGCTTTTCGCCTCCAACCCCACCCTCTGTAACTGCGGCCCGGATTCGGCGCCTGGCGGGAAACCCCTCTGTTCGCGGAGGCTCCTCGCCTGCCGGAATCAGCCAACACTGTCTCAAAAATTGAAGTCTGAGAACAAGTTTAAAACCAAACAAAACTTTCAACAACGGATCTCTTGGTTCTG,Eukaryota--100--Domain;Fungi--100--Kingdom;Ascomycota--100--Phylum;Dothideomycetes--62--Class;Venturiales--62--Order;Venturiaceae--62--Family;Venturia--44--Genus;Venturia_sp--40--Species,95.2631578947368,0,0,0,42
AAGTCGTAACAAGGTTTCCGTAGGTGAACCTGCGGAAGGATCATTATAGTATATCTATATCTAGGATGTGGGGTGCTCTCGGGCCCCCCCGCCGCCAAACCTTGCAAATTTGAACTTAATAGTTACCTTGGTAGGCTTAACTGCCTGTGGATAAATCTAAATTCTTTAATAAACTGGCTGTAATTAATGTAACTGTCTGAAATAATGTTAATATTAAAACTTTCAACAACGGATCTCTTGGTTCTG,Eukaryota--100--Domain;Fungi--100--Kingdom;Ascomycota--100--Phylum;Sordariomycetes--81--Class;Lulworthiales--81--Order;Lulworthiaceae--81--Family;Zalerion--81--Genus;Zalerion_arboricola--81--Species,96.5853658536585,0,0,32,9
AAGTCGTAACAAGGTTTCCGTAGGTGAACCTGCGGAAGGATCATTAGTGAACAAACCGGTGTGGCTAAGTTGCTGGCCTTTTCGGAGGCATGTGCACGGCCTGCCATTGTTTCATCCTTCTCCACCTGTGCACTTCTGTGGGTCCACTCCAGCGCACTCTCTGTGTGCTGGACTCTGGTACCTACGTTTTCACTACCCACACAATTGAATGTTCAGAATGTATGTATCAGGCATTCTTGCCTATAAAACCTTATACAACTTTCAACAACGGATCTCTTGGCTCTC,Eukaryota--100--Domain;Fungi--100--Kingdom;Basidiomycota--100--Phylum;Agaricomycetes--100--Class;Agaricales--100--Order;Pluteaceae--100--Family;Pluteus--100--Genus;Pluteus_ephebeus--61--Species,96.6666666666667,0,0,0,40
AAGTCGTAACAAGGTTTCCGTAGGTGAACCTGCGGAAGGATCATTAACGAATTACAAAGTCGGCCTTGCTGTTGCTGGTGGAAACACATGTGCACGCTCGGTCGCAAATCCACACACCTGTGCATCTATGACTCGAGGTTGTCGTCGCATGACCGAGAGTAACTTTTACACACTCTTGAATGTAATGGAATGTCTACTGTGCATAATGTACAATTAAACAACTTTCAACAACGGATCTCTTGGCTCTC,Eukaryota--100--Domain;Fungi--100--Kingdom;Basidiomycota--99--Phylum;Agaricomycetes--99--Class;Sebacinales--99--Order;unidentified--79--Family;unidentified--79--Genus;Sebacinales_sp--79--Species,79.5180722891566,0,0,38,0
AAGTCGTAACAAGGTTTCCGTAGGTGAACCTGCGGAAGGATCATTAATAATAGCGGGTCCTCTCGAATTATAGGATGTCTGAACCCTTGAATACTTAACTTTGTTGCTTTGGTGGGCCGCCCTCGGGCGTTGGCCATGGCTGACTGTGCCTGCCAGAGGACCACAACTCTTTGTTTTATGATGTCTGAGTACTATAAAATATTTAAAACTTTCAACAACGGATCTCTTGGTTCTG,Eukaryota--100--Domain;Fungi--100--Kingdom;Ascomycota--96--Phylum;Leotiomycetes--70--Class;Helotiales--36--Order;unidentified--21--Family;unidentified--21--Genus;Helotiales_sp--21--Species,86.0696517412935,0,0,37,0
AAGTCGTAACAAGGTTTCCGTAGGTGAACCTGCGGAAGGATCATTACAGAGTTCATGCCCTTCGGGGTAGACCTCCCACCCTTGTGTATTTATACCTTTGTTGCTTTGGTAGGCCGTTGGGCTTCGGCCTGGCTACTGGCTCCGGCTAGTGAGTGCCTACCAGAGGATACCAAAACTCTGAATGTTAGTGTCGTCTGAGTACTATATAATAGTTAAAACTTTCAACAACGGATCTCTTGGTTCTG,Eukaryota--100--Domain;Fungi--100--Kingdom;Ascomycota--100--Phylum;Leotiomycetes--95--Class;Helotiales--76--Order;Dermateaceae--48--Family;unidentified--46--Genus;Dermateaceae_sp--46--Species,93.1372549019608,0,0,0,36
AAGTCGTAACAAGGTCTCCGTTGGTGAACCAGCGGAGGGATCATTATAGAGTTTTCTAAACTCCCAACCCATGTGAACTTACCTTTTGTTGCCTCGGCAGAAGTTATAGGTCTTCTTATAGCTGCTGCCGGTGGACCATTAAACTCTTGTTATTTTATGTAATCTGAGCGTCTTATTTTAATAAGTCAAAACTTTCAACAACGGATCTCTTGGTTCTG,Eukaryota--100--Domain;Fungi--100--Kingdom;Ascomycota--100--Phylum;Sordariomycetes--100--Class;Xylariales--100--Order;Amphisphaeriaceae--100--Family;Pestalotiopsis--74--Genus;Pestalotiopsis_coffeae-arabicae--74--Species,85.7798165137615,0,0,7,26
AAGTCGTAACAAGGTTTCCGTAGGTGAACCTGCGGAAGGATCATTAATGAAATGCAAGGACGCTCTCTTTAGAGGTCCAACCAATTCATTTTCTTACACTGTGCACAATACTACTTTCACACACATTTTTTTAACACCAAAGTTGTAAGAATGTAGCAGTCTCTTAAATGAGCATAACAATTATAAACTTTCGGCAACGGATCTCTTGGCTCCC,Eukaryota--100--Domain;Fungi--100--Kingdom;Basidiomycota--82--Phylum;Cystobasidiomycetes--48--Class;Cystobasidiomycetes_ord_Incertae_sedis--17--Order;Cystobasidiomycetes_fam_Incertae_sedis--11--Family;Sakaguchia--11--Genus;Sakaguchia_lamellibrachiae--11--Species,66.3636363636364,0,0,0,33
AAGTCGTAACAAGGTCTCCGTTGGTGAACCAGCGGAGGGATCATTACAGAGTTTAACGACTCCCAAACCACTGTGAACATACCCGTACCGTTGCCTCGGCGGGCGGCCCCAGGGCGGGGCCGCAGCCTCCCCAGCGGAGGCGCCCGCCGCAGGTCGCAAAACTATAACTATATTTAGTGGCATCTCTGAGTAACTTCCAAACAATCAAAACTTTCAACAACGGATCTCTTGGTTCTG,Eukaryota--100--Domain;Fungi--100--Kingdom;Ascomycota--100--Phylum;unidentified--100--Class;unidentified--100--Order;unidentified--100--Family;unidentified--100--Genus;Ascomycota_sp--100--Species,100,0,0,10,19
AAGTCGTAACAAGGTTTCCGTAGGTGAACCTGCGGAAGGATCATTACAAGTGAGGCTACCGAACGTTGGAAACAGCGGTTAGGAGCTTACACCCACCCGTGTTTACATACTATTGTTGCTTTGGCGGGCCGTGGCCTCCACTGCGGGCTCTGCTCGTGTGTGCCCGCCAGAGGACCAAACTCTGAATGTTAGTGATGTCTGAGTACTATCTAATAGTTAAAACTTTCAACAACGGATCTCTTGGTTCTG,Eukaryota--100--Domain;Fungi--100--Kingdom;Ascomycota--100--Phylum;Leotiomycetes--100--Class;Helotiales--100--Order;Vibrisseaceae--100--Family;Phialocephala--76--Genus;Phialocephala_fortinii--76--Species,99.5073891625616,0,0,0,29
AAGTCGTAACAAGGTCTCCGTTGGTGAACCAGCGGAGGGATCATTACAGAGTTCTAAAAAGACTCCCAAACCATTGTGAACATACCCGTCAGCGTTGCTTCGGCGGGCGTCCCCTCCCTGGGGACGCTGCCCTTCGGGGTGCCCGCCGGTGGCTTACGAAACTCTTTTGTATTTTAGTGGCCTCTCTGAGAAAACAAACAAATAAGTTAAAACTTTCAACAACGGATCTCTTGGTTCTG,Eukaryota--100--Domain;Fungi--100--Kingdom;Ascomycota--100--Phylum;Dothideomycetes--53--Class;Dothideales--53--Order;Dothioraceae--53--Family;Kabatiella--53--Genus;Kabatiella_sp--53--Species,98.9637305699482,0,0,26,0
AAGTCGTAACAAGGTTTCCGTAGGTGAACCTGCGGAAGGATCATTAACGAAATATTTCCGACATTCGTGTCGGAATAAATCATCTTACACCTGTGAAAATACGAATCTTTGCTTTGGCTTGGGTGAAAACTCGAGCCAAAAGATCAAAACCTTACAATTTTAACCTGAGTCTGAGAAAGAAAAGAATAAATTATTCAAAACTTTCAGCAACGGATCTCTTGGTTCTC,Eukaryota--100--Domain;Fungi--100--Kingdom;Ascomycota--100--Phylum;Saccharomycetes--100--Class;Saccharomycetales--100--Order;Trichomonascaceae--100--Family;Blastobotrys--100--Genus;Blastobotrys_mokoenaii--100--Species,74.1379310344828,0,0,0,25
AAGTCGTAACAAGGTTTCCGTAGGTGAACCTGCGGAAGGATCATTACAGAGAACCTCGCCCTTCTGGGTGAATCTCCAACCCTATGCTATACTACTTTGTTGCTTTGGCGAGCCGCTTAGGCCACCGGCTTACGCTGGTGAGTGCTCGCCAGAGAACCCTAAACTCTAAGTTATTAGTGTCGTCTGAGTACTATAAAATAGTTAAAACTTTCAACAACGGATCTCTTGGTTCTG,Eukaryota--100--Domain;Fungi--100--Kingdom;Ascomycota--100--Phylum;Pezizomycotina_cls_Incertae_sedis--100--Class;Pezizomycotina_ord_Incertae_sedis--100--Order;Pezizomycotina_fam_Incertae_sedis--100--Family;Chalara--100--Genus;Chalara_sp--100--Species,100,0,0,4,20
AAGTCGTAACAAGGTTTCCGTAGGTGAACCTGCGGAAGGATCATTCATAATAAGTGTTTTATGGCACTTTTTAAATCCATATCCACCTTGTGTGCAATGTCAGTCGATCTTCTTCATGGAGATCGACCAAACATCAACCTTTATTTTTTAACTCTTTGTCTGAAAAATATTATGAATAAACAATTCAAAATACAACTTTCAACAACGGATCTCTTGGCTCTC,Eukaryota--100--Domain;Fungi--100--Kingdom;Zygomycota--98--Phylum;Mortierellomycotina_cls_Incertae_sedis--98--Class;Mortierellales--98--Order;Mortierellaceae--98--Family;Mortierella--98--Genus;Mortierella_rishikesha--61--Species,98.3783783783784,0,0,5,19
AAGTCGTAACAAGGTTACCTTCTGCAGCTAAGCACGGAGACCTTGCACAGGACTATAAACAGTGCAAGTTGGTCTTCGGACCAGCAACACAATCGAATTGCGGGGACGTCTTAAAGCCTGTTGCACCTCCCGTCAGCGAAAGCTGGTGGCACGGTAAGAGCCTACAGGATATACAATAGACCATCCGCAGCGAAGACCCTAAAGCCTCTCCGGCCACGGGTATCGTTCACAGACTAGGTGATTGTGGGAGGGTTACCCTTCTAAGATATAGTCGGTTACAGTGGGAAACTTCTGTATTTATAGCGTCCGTAGGTGAACCTGCGGAAGGATCATTAAAAATGAAGCCGGGAAACCGGTCCTTCTAACCCTTGATTATCTTAATTTGTTGCTTTGGTGGGCCGCGCAAGCACCGGCTTCGGCTGGCTCGTGCCCGCCAGAGGACCACAACTCTGTATCAAATGTCGTCTGAGTACTATATAATAGTTAAAACTTTCAACAACGGATCTCTTGGTTCTG,Eukaryota--100--Domain;Fungi--100--Kingdom;Ascomycota--100--Phylum;Leotiomycetes--89--Class;Helotiales--84--Order;unidentified--83--Family;unidentified--83--Genus;Helotiales_sp--83--Species,48.2176360225141,0,0,0,24
AAGTCGTAACAAGGTTTCCGTAGGTGAACCTGCGGAAGGATCATTACCTAGAGTTTGTGGGCTTTGCCTGCTATCTCTTACCCATGTCTTTTGAGTACTTACGTTTCCTCGGTGGGTTCGCCCGCCGATTGGACAATTTAAACCCTTTGCAGTTGCAATCAGCGTCTGAAAAACATAATAGTTACAACTTTCAACAACGGATCTCTTGGTTCTG,Eukaryota--100--Domain;Fungi--100--Kingdom;Ascomycota--98--Phylum;Dothideomycetes--95--Class;Pleosporales--90--Order;Pleosporales_fam_Incertae_sedis--85--Family;Phoma--41--Genus;Phoma_bulgarica--15--Species,79.5348837209302,0,0,0,24
AAGTCGTAACAAGGTTTCCGTAGGTGAACCTGCGGAAGGATCATTACAGAGTTCATGCCCTTGCGGGTAGATCTCCCACCCTTGAATATATACCTTTGTTGCTTTGGCGGGCCACGTCCGCGTGTCGGCTTCGGCTGGCTGCGCCCGCCAGAGAACCCAAACTCGTTTTGTTTAGTGATGTCCGAGTACTATATAATAGTTAAAACTTTCAACAACGGATCTCTTGGTTCTG,Eukaryota--100--Domain;Fungi--100--Kingdom;Ascomycota--100--Phylum;Leotiomycetes--100--Class;Helotiales--99--Order;unidentified--93--Family;unidentified--93--Genus;Helotiales_sp--93--Species,96.5346534653465,0,0,22,0
AAGTCGTAACAAGGTCTCCGTAGGTGAACCTGCGGAGGGATCATTACAGAGAACATCGCCCTCACGGGTGACTCTCCAACCCTATGTTATTAACACCTTTGTTGCTTTGGCGAGCCGCTTCGGCCACCGGCTTCTTGCTGGTGTGCGCTCGCCAGAGGACCACAAACTCTGTTTATTAAATGTCGTCTGAGTACTATATAATAGTTAAAACTTTCAACAACGGATCTCTTGGTTCTG,Eukaryota--100--Domain;Fungi--100--Kingdom;Ascomycota--100--Phylum;Leotiomycetes--66--Class;Helotiales--66--Order;unidentified--63--Family;unidentified--63--Genus;Helotiales_sp--63--Species,96.7441860465116,0,0,0,20
AAGTCGTAACAAGGTTTCCGTAGGTGAACCTGCGGAAGGATCATTAAAGAATGCCCCGTTTTTTGAAATGGGTTCTATTCCCAAACCGTGTATACATACCTTTGTTGCTTTGGCAGGCCGCCGTTTAGGCGTTGGCTCCGGCTAACTGCGCCTGCCAGAGGACCCAAACTCGTTTGTTTAGTGATGTCTGAGTACTATATAATAGTTAAAACTTTCAACAACGGATCTCTTGGTTCTG,Eukaryota--100--Domain;Fungi--100--Kingdom;Ascomycota--100--Phylum;Leotiomycetes--100--Class;unidentified--46--Order;unidentified--46--Family;unidentified--46--Genus;Leotiomycetes_sp--46--Species,98.0099502487562,0,0,19,0
AAGTCGTAACAAGGTCTCCGTTGGTGAACCAGCGGAGGGATCATTACAGGGTCTAACGACGCCCAAACCAAACCGTGAACTATTCCACAAACCTATGCTCCGGCGGGCCGCTCGCTGGGGGAGCCCCGGGCCGCTTTGTCGGTGGTCCGCCGGAAGCATGCAAACCAAAATAATGCTCTGAGAACTGCTCTAAGAAAATTCTTTTTCTAAACGAAAATAAATCACAACTCATAACAATGGATCTCTTGGCTCTG,Eukaryota--100--Domain;Fungi--100--Kingdom;Ascomycota--98--Phylum;Sordariomycetes--96--Class;Sordariomycetes_ord_Incertae_sedis--63--Order;Sordariomycetes_fam_Incertae_sedis--63--Family;Pleurotheciella--63--Genus;Pleurotheciella_rivularia--63--Species,82.5471698113208,0,0,0,19
AAGTCGTAACAAGGTTTCCGTAGGTGAACCTGCGGAAGGATCATTAATGGGTTAACGCCTTCGGGCACAATCCCCACCCTTTGTAACCGCGGCCCGGATTCGGCGCCTGGCGGGGAGCCCCCTCTGCTCGCGGAGGGCCCCGCCTGCCGGAATTAGCCAACCCTGCCTAGAAAATTGAAGTCTGAGAACAAGTTAAATTAAACAAAACTTTCAACAACGGATCTCTTGGTTCTG,Eukaryota--100--Domain;Fungi--100--Kingdom;Ascomycota--100--Phylum;Dothideomycetes--100--Class;Venturiales--100--Order;Venturiaceae--100--Family;Venturia--88--Genus;Venturia_hystrioides--76--Species,79.9145299145299,0,0,0,19
AAGTCGTAACAAGGTTTCCGTAGGTGAACCTGCGGAAGGATCATTAACAAAAGAGTTTGGGATGGTGATGCGAAAGCGTCGTCCATCTCACAAGAGCCCCGAGCTGGGTCCGCCCGGCTCTGGTTGCTGATGCGTAACTGCATCAGTACATGTACGCTTGATCGTTTGACATGTCACAACAAAACAAGAATACAACTTTTAACAATGGATCTCTTGGCTCTT,Eukaryota--100--Domain;Fungi--100--Kingdom;Ascomycota--65--Phylum;Dothideomycetes--42--Class;Pleosporales--42--Order;unidentified--37--Family;unidentified--37--Genus;Pleosporales_sp--37--Species,66.1016949152542,0,0,0,17
AAGTCGTAACAAGGTTTCCGTAGGTGAACCTGCGGAAGGATCATTACTAGAGCAAAGGACAGGCAGCGCCCCACAGAAGCTTGCTTCGTGGCGGGGCTACCCTACTTCGGTAGGGTTTAGAGCCGTCGACCCTCTCGGAGAAGGTCGGTCCTGAACTCCACCCTTGAATAAACTACCTTTGTTGCTTTGGCGGGCCGCCTCGCGCCAGCGGCTTCGGCTGTTGAGTGCCCGCCAGAGGACCACAACTCTTGTTTTTAGTGATGTCTGAGTACTATATAATAGTTAAAACTTTCAACAACGGATCTCTTGGTTCTG,Eukaryota--100--Domain;Fungi--100--Kingdom;Ascomycota--100--Phylum;Leotiomycetes--100--Class;Helotiales--100--Order;Helotiales_fam_Incertae_sedis--100--Family;Cadophora--100--Genus;Cadophora_luteo-olivacea--100--Species,100,0,0,0,15
AAGTCGTAACAAGGTTTCCGTAGGTGAACCTGCGGAAGGATCATTAACAAATCATGATTGTTGCCGAGTCCGAAAGGTCTCGGGGACAAAATAAGCCCGAACCTGTGTCTTCGGACCGGGTTAGGTGTTGAGGCGAAAGCCTCGGCGGTGAAGGCACTCGTGCTGGATCCACATAGACGCTTGTATGTTTGACAGTTTACAGTTGACACTTTAAAAATGACAACTTTTAACAATGGATCTCTTGGCTCTT,Eukaryota--100--Domain;Fungi--100--Kingdom;Rozellomycota--47--Phylum;unidentified--47--Class;unidentified--47--Order;unidentified--47--Family;unidentified--47--Genus;Rozellomycota_sp--47--Species,62.3076923076923,0,0,14,0
AAGTCGTAACAAGGTTTCCGTAGGTGAACCTGCGGAAGGATCATTATCACGTAATAATCCGTAAAACCATTGTGAATCGTTTTTAAAAAACACTCGGAGCGAGTCGTCGAGACTAGAACTATAGCGAAGTTAATTCAGCGCCGACCTTGTAATTTGGGGTTGTCGTAGTTCTAGAGGAGACTAACTCTGAGGTGTAAAATCAAATTACTAATTCTAAAACCATTTGAACCCCTTTTAAACTTTTGAACTAACGTTATCATACTCCCGTAAAACGGAGATGATATTCATTACGAAACAAAGAACAACTCTTAGCAACGGATATCTTGGTTCTC,Eukaryota--100--Domain;Fungi--96--Kingdom;unidentified--43--Phylum;unidentified--43--Class;unidentified--43--Order;unidentified--43--Family;unidentified--43--Genus;Fungi_sp--43--Species,59.4752186588921,0,0,7,7
AAGTCGTAACAAGGTCTCCGTTGGTGAACCAGCGGAGGGATCATTATTAGGGCTTCAAAACCCCCATAAACCCACTGTGAATCTACCTGTTTTGTTGCTTTGGCAGGCGGCCCCAGGGCGGGGCTATGGCCTGTTACAGGTGCCTGCCGAGCAAACTAAAAAAAAAATCGCTATATTTTAACGTCTGAGAAACATTTAAAAATAAGTCAAAACTTCCAATTGCGGATCTCTTGGTTCTG,Eukaryota--100--Domain;Fungi--100--Kingdom;unidentified--21--Phylum;unidentified--21--Class;unidentified--21--Order;unidentified--21--Family;unidentified--21--Genus;Fungi_sp--21--Species,70.4035874439462,0,0,13,0
AAGTCGTAACAAGGTTTCCGTAGGTGAACCTGCGGAAGGATCATTACAGAGTTCATGCCCTCACGGGTAGATCTCCCACCCTTGAATACCTTACCTTTGTTGCTTTGGCGGGCCACGTTCGCGTGTCGGCTTCGGCTGGCTGTGCCCGCCAGAGGACCCAAACTCTTTTGTTTAGTGATGTCTGAGTACTATATAATAGTTAAAACTTTCAACAACGGATCTCTTGGTTCTG,Eukaryota--100--Domain;Fungi--100--Kingdom;Ascomycota--100--Phylum;Leotiomycetes--100--Class;Helotiales--100--Order;Helotiaceae--95--Family;unidentified--95--Genus;Helotiaceae_sp--95--Species,99.4652406417112,0,0,0,13
AAGTCGTAACAAGGTTTCCGTAGGTGAACCTGCGGAAGGATCATTACAGAGTTCATGCCCTCACGGGTAGATCTCCCACCCTTGAATATTATACCTTCGTTGCTTTGGTAGGCCGTGGAAACACCACGGGCCCCGGCTTGTGCGTGCCTGCCAGAGGAAACCTAAACTCTGTTTTTAGTGATGTCTGAGTACTATATAATAGTTAAAACTTTCAACAACGGATCTCTTGGTTCTG,Eukaryota--100--Domain;Fungi--100--Kingdom;Ascomycota--100--Phylum;Leotiomycetes--93--Class;Helotiales--93--Order;unidentified--90--Family;unidentified--90--Genus;Helotiales_sp--90--Species,100,0,0,0,13
AAGTCGTAACAAGGTTTCCGTAGGTGAACCTGCGGAAGGATCATTCATAATAAGTGTTTTATGGCACTTTTTAAATCCATATCCACCTTGTGTGCAATGTCAGTCGTTCTCTTATGAGAATGACCAAACATCAACCTATTTTTTAACTCTTTGTCTGAAAAATATTATGAATAAATAATTCAAAATACAACTTTCAACAACGGATCTCTTGGCTCTC,Eukaryota--100--Domain;Fungi--100--Kingdom;Zygomycota--99--Phylum;Mortierellomycotina_cls_Incertae_sedis--99--Class;Mortierellales--99--Order;Mortierellaceae--99--Family;Mortierella--99--Genus;Mortierella_sp--45--Species,93.1216931216931,0,0,0,13
AAGTCGTAACAAGGTTTCCGTAGGTGAACCTGCGGAAGGATCATTAAAGAACGCCCCGTTTTTTGAAATGGGTAATTCCAAACCGTGTATACATACCTTTGTTGCTTTGGCAGGCCGCCCCTTGGGGCGTCGGCTCCGGCTGACTGCGCCTGCCAGAGGACCCAAACTCGTTTGTTTAGTGATGTCTGAGTACTATATAATAGTTAAAACTTTCAACAACGGATCTCTTGGTTCTG,Eukaryota--100--Domain;Fungi--100--Kingdom;Ascomycota--100--Phylum;Leotiomycetes--100--Class;unidentified--95--Order;unidentified--95--Family;unidentified--95--Genus;Leotiomycetes_sp--95--Species,79.6610169491525,0,0,12,0
AAGTCGTAACAAGGTTTCCGTAGGTGAACCTGCGGAAGGATCATTACTGAGAAAAGAGGCCTCCGGGTCTCCCTCATTAATACCCTGCCTTCCAACAAAGTCCCCAAGGGGACATTAAATTTTATGTTGGGAGGGTCTGGAAGGACTCTCCGACCCCTATAAACTCTGAATGTTTGTGCAGTCTGAGTACATATTCTAATATATGAAAACTTTCAACAACGGATCTCTTGGTTCCC,Eukaryota--100--Domain;Fungi--100--Kingdom;Ascomycota--99--Phylum;Leotiomycetes--84--Class;Helotiales--84--Order;unidentified--84--Family;unidentified--84--Genus;Helotiales_sp--84--Species,89.5833333333333,0,0,0,12
AAGTCGTAACAAGGTTTCCGTAGGTGAACCTGCGGAAGGATCATTGTCGAAACCTGCCAACAAGCAGAAAACTTGCGAACTTGTCTAATACAGTGGGGAATGCGTGGGTTGGGGCCTCGTTATCTTTCCTTCCGCTTTCCCCTCGCGAGTAGATGTTCGCGGAGCTTTCGGGCAACGTGTTCATTTACTTGTCAAACAACGAACCCCGGCGCAAAACGCGCCAAGGATAATTGAACAAAGTTTGTGCACGTCCCCTGCCCGTTTCCGGGTGGTGTTGGCGTGCACATCTTTCGAATAACTAAACGACTCTCGGCAACGGATATCTCGGCTCTT,Eukaryota--100--Domain;Plantae--25--Kingdom;unidentified--25--Phylum;unidentified--25--Class;unidentified--25--Order;unidentified--25--Family;unidentified--25--Genus;Plantae_sp--25--Species,60.4095563139932,0,0,0,12
AAGTCGTAACAAGGTCTCCGTTGGTGAACCAGCGGAGGGATCATTACCGGATCGTCGAAAGACGTCCCCTAAACCTTTGTGAACCTACCTACGTCGTGCTTCGGCAGGCCGCCTCCCCGGCCCGCCCTGGGAGCTCCCGCTCGCGGGAGCCTGCCGAAGTGCCTACACAAAACTCTGTAACTTTGTGACACTTCAGAGAAGAAAACGAATCGTAACAACTTTCAACAATGGATCTCTTGGTTCTG,Eukaryota--100--Domain;Fungi--100--Kingdom;Ascomycota--91--Phylum;Dothideomycetes--25--Class;Capnodiales--14--Order;Teratosphaeriaceae--14--Family;unidentified--14--Genus;Teratosphaeriaceae_sp--14--Species,59.9221789883268,0,0,11,0
AAGTCGTAACAAGGTCTCCGTTGGTGAACCAGCGGAGGGATCATTAAAGGAGCCTTAAAAACTCCCAAACCCACTGTTAAACTTACCTTTATGTTGCTTCGGTAGGCGGCCCCAGGGCGGGGCTGTAGCCTTTTAGGTGCCTGCCGAAGGTTTTACACACCCGTCATATATAAGTGTCTGAGTATCTATAAAAATAAATCAAAACTTTCAACAACGGATCTCTTGGTTCTG,Eukaryota--100--Domain;Fungi--100--Kingdom;Ascomycota--90--Phylum;Sordariomycetes--58--Class;unidentified--11--Order;unidentified--11--Family;unidentified--11--Genus;Sordariomycetes_sp--11--Species,63.0901287553648,0,0,10,0
AAGTCGTAACAAGGTTTCCGTAGGTGAACCTGCGGAAGGATCATTAATAGAGTTCGTGCCCTCCCGGGTAGATCTCCCACCCTTGAATACATTACCTTTGTTGCTTTGGCAGGCTGCCTTTTTGGCGTTGGCCTCGGCTAGCTATGCCTGCCAGAGGACCCGAAACTCTTTTATTTAGTGATGTCTGAGTACTATATAATAGTTAAAACTTTCAACAACGGATCTCTTGGTTCTG,Eukaryota--100--Domain;Fungi--100--Kingdom;Ascomycota--100--Phylum;Leotiomycetes--100--Class;Helotiales--100--Order;unidentified--100--Family;unidentified--100--Genus;Helotiales_sp--100--Species,80.4255319148936,0,0,10,0
AAGTCGTAACAAGGTTTCCGTAGGTGAACCTGCGGAAGGATCATTAACAAATCATTTGTATGGGAAACCATACATATTTACCCCAAGCCTAGGATGTGCTTCGGCACAACACTGGGCTTTGGTTGGGCTGCGCTCATTCGTGAGGGCGGCTCCGGCATGTATGCTTCGGTGTACTAGCCACATAGACGCTTGTATGTTTGACAGTTTTAGTTGCTTTAAAAATGACAACTTTTAACAATGGATCTCTTGGCTCTT,Eukaryota--100--Domain;Fungi--99--Kingdom;unidentified--26--Phylum;unidentified--26--Class;unidentified--26--Order;unidentified--26--Family;unidentified--26--Genus;Fungi_sp--26--Species,57.3076923076923,0,0,0,10
AAGTCGTAACAAGGTTTCCGTAGGTGAACCTGCGGAAGGATCATTAATGAAATGCCAGGACGCTCTCTATAGAGGTCCGAACCAATTCATTTTCACACACTGTGCACAATACTACTATCATACACAATTTTACACGCTAAAGTCTAAGAATGTAGCAGTCTCTTAAGTGAGCATAACTTGTATAAACTTTCGGCAACGGATCTCTTGGCTCCC,Eukaryota--100--Domain;Fungi--100--Kingdom;Basidiomycota--71--Phylum;Cystobasidiomycetes--36--Class;Cystobasidiomycetes_ord_Incertae_sedis--17--Order;Cystobasidiomycetes_fam_Incertae_sedis--17--Family;Sakaguchia--17--Genus;Sakaguchia_lamellibrachiae--15--Species,66.0550458715596,0,0,0,10
AAGTCGTAACAAGGTTTCCGTAGGTGAACCTGCGGAAGGATCATTAATGAATTTCAAGTCGGTTGATTGTGCTGGCAGCAATGCATGTGCACGTTGATCGCAAATCCACACACCTGTGCACCTTTGACTTTGAGATTCGCTAGCTTCACGGCTTGCAGGCGGTTGATTTCAGTTTGAAGTTGACTTGAATCTCGAGGTTTTTTTACACATACTCGTGAATGTCATAGAATGTACTTGTGCTTAATTGCATATTATATATAACTTTCAACAACGGATCTCTTGGCTCTC,Eukaryota--100--Domain;Fungi--100--Kingdom;Basidiomycota--70--Phylum;Agaricomycetes--69--Class;Sebacinales--50--Order;Sebacinaceae--17--Family;unidentified--16--Genus;Sebacinaceae_sp--16--Species,65.625,0,0,9,0
AAGTCGTAACAAGGTTTCCGTAGGTGAACCTGCGGAAGGATCATTACAGAGTTCATGCCCTCACGGGTAGATCTCCCACCCTTGAAATTCTTACCTTTGTTGCTTTGGCGGGCCGCGGCCTCCGCTACCGGCTCCGGCTGGTATGTGCCCGCCAGAGGACCCAACTCTTGTTTTTAGTGATGTCTGAGTACTATATAATAGTTAAAACTTTCAACAACGGATCTCTTGGTTCTG,Eukaryota--100--Domain;Fungi--100--Kingdom;Ascomycota--100--Phylum;Leotiomycetes--99--Class;Helotiales--98--Order;unidentified--97--Family;unidentified--97--Genus;Helotiales_sp--97--Species,97.9381443298969,0,0,9,0
AAGTCGTAACAAGGTCTCCGTTGGTGAACCAGCGGAGGGATCATTACAGAGTTACTACTCCAAACCCATTGTGAACCTTACCTATGTTCTGTTGCCTCGGCGGCGTCGGTCAGCGCCCCTCTGAAAAGAGGACGATGCCCCTCCCGCCGGCAGCACCAAACTCTTGAATTTTACAGCGGATTACAGTTCTGATTTGAAAACAAAAAACAAGTTAAAACTTTCAACAACGGATCTCTTGGTTCTG,Eukaryota--100--Domain;Fungi--100--Kingdom;Ascomycota--100--Phylum;Sordariomycetes--100--Class;Microascales--100--Order;Microascaceae--100--Family;Pseudallescheria--85--Genus;Pseudallescheria_boydii--33--Species,83.265306122449,0,0,0,9
AAGTCGTAACAAGGTCTCCGTTGGTGAACCAGCGGAGGGATCATTACAGAGTTGCAAAACTCCCAAACCATTGTGAACGTTACCTATCCCGTTGCTTCGGCGGGCGGCCCGGGCCCCGTGCCCGGCGCCCCCCGGCCCCTCGCGGGCGCCCGCCGGAGGTAAACCAAACTCTTGAATTGTATGGCCTCTCTGAGTCTTCTGTACTGAATAAGTCAAAACTTTCAACAACGGATCTCTTGGTTCTG,Eukaryota--100--Domain;Fungi--100--Kingdom;Ascomycota--100--Phylum;Sordariomycetes--100--Class;Sordariales--100--Order;Chaetomiaceae--100--Family;Chaetomium--100--Genus;Chaetomium_homopilatum--100--Species,100,0,0,0,9
AAGTCGTAACAAGGTCTCCGTTGGTGAACCAGCGGAGGGATCATTATTAGAAGCCGAAAGGCTACTTAAAACCATCGCGAACTCATCCAAGTTGCTTCGGCGGTTGCGGCGTTCCCTCACGGGGCGCCGCGGCCCCGCCTCTCCGGAGGTGTGGGGCGCCCGCCGGAGGTACGAAACTCTGTATTATAGTGGCATCTCTGAGTAAAAAACAAATAAGTTAAAACTTTCAACAACGGATCTCTTGGTTCTG,Eukaryota--100--Domain;Fungi--100--Kingdom;Ascomycota--100--Phylum;Sordariomycetes--100--Class;Coniochaetales--100--Order;Coniochaetaceae--100--Family;Coniochaeta--100--Genus;Coniochaeta_sp--100--Species,97.6076555023923,0,0,0,9
AAGTCGTAACAAGGTTTCCGTAGGTGAACCTGCGGAAGGATCATTAAATGGTATCATAGACTGCATATGCAAAGTATGTCAATCTATTACTATAAACCATCCTGAGTACCTTTTTCCATGTTGCTTCCGCGAGGCAGTCACTTTGGTGGCCGTTTGCTCCGGACCCCCATCCCTTTCACAGGTTTGGGAGACCCCGGGTGTGGGCGAGTTTCCTCGCGAAAGGTTTACCACAAATCAATTTATATACTTATTTTGTGTAAAATGTCTGAACAGAATTTTTTACAAAATTTTAAAAACTTTCAACAACGGATCTCTTGGTTCTC,Eukaryota--100--Domain;Fungi--100--Kingdom;Ascomycota--78--Phylum;Dothideomycetes--16--Class;Pleosporales--14--Order;unidentified--14--Family;unidentified--14--Genus;Pleosporales_sp--14--Species,54.4891640866873,0,0,0,9
AAGTCGTAACAAGGTTTCCGTAGGTGAACCTGCGGAAGGATCATTAACATGTTGGAGTGGCCTCCGGGCCCGTCCTCCATAAACCCACCTCTGTGTACCTTCTCCTGTTGCTTCCGCGGGCCCCTCTGGGTTCGCCCAGGGACGCCGGCGAGGAGGCCTCTCTCCTCCCCTTAGTCGGGGTTTGGCCGGCCCTCAAAGGCGGAGCGTCCGCGGAAGGTAATCAAACGAAACTCTTTTGCAATAGATAGCATCTGTCTGAATTGATAAATATAAAAGTTAAAACTTTCAACAACGGATCTCTTGGTTCTC,Eukaryota--100--Domain;Fungi--100--Kingdom;Ascomycota--99--Phylum;Pezizomycetes--68--Class;unidentified--58--Order;unidentified--58--Family;unidentified--58--Genus;Pezizomycetes_sp--58--Species,76.2962962962963,0,0,0,9
AAGTCGTAACAAGGTTTCCGTAGGTGAACCTGCGGAAGGATCATTACAGTGTTCCCTGCCCTTCGGGGTAGGATCGCCACCCTTGATTATTTTATGAGTGTTGCTTTGGCGGGCCTCGCGGCCTGGCCGCGCCCCGGCTCCGGCGGGGGAGCGCCCGCCAGAGGCTTCTACAAACCTGTGTATTAGTGTCGTCTGAGTACTATATAATAGTTAAAACTTTCAACAACGGATCTCTTGGTTCTG,Eukaryota--100--Domain;Fungi--100--Kingdom;Ascomycota--100--Phylum;Leotiomycetes--100--Class;Helotiales--100--Order;Helotiaceae--100--Family;Tricladium--100--Genus;Tricladium_splendens--100--Species,85.59670781893,0,0,0,9
AAAAAGTCGTAACAAGGTTTCCGTAGGTGAACCTGCGGAAGGATCATTACTAGAGCAAAGGATAGACGGCCCTGCTTCGGTAGGGTTGTCGTCGAGCCTCTCGAAGAAGCTCGGTCCTGAACTCCACCCTTGAATAAATTACCTTTGTTGCTTTGGCGGGCCGCCTCGCGCCAGCGGCTTCGGCTGTTGAGTGCCCGCCAGAGGACCACAACTCTTGTTTTTAGTGATGTCTGAGTACTATATAATAGTTAAAACTTTCAACAACGGATCTCTTGGTTCTG,Eukaryota--100--Domain;Fungi--100--Kingdom;Ascomycota--100--Phylum;Leotiomycetes--99--Class;Helotiales--99--Order;Helotiales_fam_Incertae_sedis--97--Family;Cadophora--93--Genus;Cadophora_gregata--73--Species,79.8586572438163,0,0,8,0
AAGTCGTAACAAGGTTTCCGTAGGTGAACCTGCGGAAGGATCATTACAGAGCTCATGCCCTTACGGGTAGATCTCCCACCCTTGAATACTATACCTTAGTTGCTTTGGCAGGCCGTGGAAACACCACGGGCCTCGGCTTGTGCGTGCCTGCCAGAGGAAACAAAACCCTGTTTTTTAGTGATGTCTGAGTACTATAATAATAGTTAAAACTTTCAACAACGGATCTCTTGGTTCTG,Eukaryota--100--Domain;Fungi--100--Kingdom;Ascomycota--100--Phylum;Leotiomycetes--97--Class;Helotiales--97--Order;unidentified--97--Family;unidentified--97--Genus;Helotiales_sp--97--Species,100,0,0,7,0
AAGTCGTAACAAGGTTTCCGTAGGTGAACCTGCGGAAGGATCATTAGTGAATTGAATATGTTAGCGGACCTCTTCGGAGTCCCTAGCATCAAATCATATCCATAACACCTGTGAACTGTAAGGCTGTCTTGAAAACGAAAGTTATTAGAGCAGCCTGCCCATTTTATACAAACATTAAAGTAACAAACGTAGTCTTATTATAATCTAATAAAACTTTCAACAACGGATCTCTTGGCTCTC,Eukaryota--100--Domain;Fungi--100--Kingdom;Basidiomycota--100--Phylum;Tremellomycetes--100--Class;Tremellales--100--Order;Tremellales_fam_Incertae_sedis--100--Family;Cryptococcus--100--Genus;Cryptococcus_terricola--100--Species,98.9690721649485,0,0,7,0
AAGTCGTAACAAGGTTTCCGTAGGTGAACCTGCGGAAGGATCATTACAGAGCTTCTAAGCTTAAGGGGGTAAAACCTCTGAGCGAGAACTCCACCCTTTGTTTACATACCTTTGTTGCTTTAGCAGGCCCGCTCTCGAGCCGCCGGCAATAGCTGGTCCGCGCCTGCTAGAGGACCTAAAACTCATGTTAATAATGTTGTCCGAGTACTATAACAATAGTTAAAACTTTCAACAACGGATCTCTTGGTTCTG,Eukaryota--100--Domain;Fungi--100--Kingdom;Ascomycota--100--Phylum;Leotiomycetes--100--Class;Helotiales--87--Order;unidentified--87--Family;unidentified--87--Genus;Helotiales_sp--87--Species,98.5981308411215,0,0,0,7
AAGTCGTAACAAGGTTTCCGTAGGTGAACCTGCGGAAGGATCATTACAGAGTTCATGCCCTTATGGGTAGATCTCCCACCCTTGAAATTTATACCTTTGTTGCTTTGGCGGGCCGCGGCCTCCGCTACCGGCTCCGGCTGGTATGTGCCCGCCAGAGGACCCAACTCTTGTTTTTAGTGATGTCTGAGTACTATATAATAGTTAAAACTTTCAACAACGGATCTCTTGGTTCTG,Eukaryota--100--Domain;Fungi--100--Kingdom;Ascomycota--100--Phylum;Leotiomycetes--99--Class;Helotiales--95--Order;unidentified--95--Family;unidentified--95--Genus;Helotiales_sp--95--Species,97.9381443298969,0,0,0,7
AAGTCGTAACAAGGTTTCCGTAGGTGAACCTGCGGAAGGATCATTACAGAGTTCGTGCCCTTCGGGGTAGACCTCCCACCCTGTGTATACCGTGCCTTTGTTGCTTTGGCGGGCCGTCTTATGGCCACCGGCTGCGGTCGGTGCGCGCCCGCCAGAGAACCCAAATCCTGTATTACTGTGTCGTCCGAGCACTATATAATAGTTAAAACTTTCAACAACGGATCTCTTGGTTCTG,Eukaryota--100--Domain;Fungi--100--Kingdom;Ascomycota--63--Phylum;Leotiomycetes--61--Class;Helotiales--61--Order;Hyaloscyphaceae--59--Family;unidentified--59--Genus;Hyaloscyphaceae_sp--59--Species,97.8835978835979,0,0,0,7
AAGTCGTAACAAGGTTTCCGTAGGTGAACCTGCGGAAGGATCATTAATGAAATGCAAGGACGCTCTTTTTAGAGGTCCGACCCAATTCATTTTCTCACACAGTGCACACTACTACTTTTTACACCATTTTTAACACCTAAGTCTAAGAATGTAAATTGTCTCTTAATTGAGCATAAAATTAAACAAAACTTTCAGCAACGGATCTCTTGGCTCTC,Eukaryota--100--Domain;Fungi--100--Kingdom;Basidiomycota--98--Phylum;Cystobasidiomycetes--96--Class;Cystobasidiomycetes_ord_Incertae_sedis--95--Order;Cystobasidiomycetes_fam_Incertae_sedis--95--Family;Sakaguchia--95--Genus;Sakaguchia_lamellibrachiae--95--Species,75.5760368663594,0,0,6,0
AAGTCGTAACAAGGTTTCCGTAGGTGAACCTGCGGAAGGATCATTACAGAGAATCTCGCCCTTTTGGGTGAATCTCCAACCCTGTGTTATCTTATCTTTGTTGCTTTGGGAGCCGCTTCGGCCACTGGCTTCAGCTTGTGTGTGCTCCCAAGGGACCCCAACATCTTTATTATTAGTGTCGTCTGAGTACTATAAAATAGTTAAAACTTTCAACAACGGATCTCTTGGTTCTG,Eukaryota--100--Domain;Fungi--100--Kingdom;Ascomycota--93--Phylum;Leotiomycetes--49--Class;Helotiales--40--Order;Helotiales_fam_Incertae_sedis--25--Family;Infundichalara--22--Genus;Infundichalara_sp--22--Species,88.4615384615385,0,0,6,0
AAGTCGTAACAAGGTTTCCGTAGGTGAACCTGCGGAAGGATCATTACAGAGTTCATGCCCTTCGGGGTAGACCTCCCACCCTTGTGTATTTATACCTTTGTTGCTTTGGCAGGCCGCCGGGCTCGTCCCGGCTACCGGCTTCGGCTGGTGTGCGCCTGCCAGAGGACCCCAAACTCTGAATGTTAGTGTCGTCTGAGTACTATATAATAGTTAAAACTTTCAACAACGGATCTCTTGGTTCTG,Eukaryota--100--Domain;Fungi--100--Kingdom;Ascomycota--100--Phylum;Leotiomycetes--99--Class;Helotiales--98--Order;Dermateaceae--93--Family;unidentified--93--Genus;Dermateaceae_sp--93--Species,98.019801980198,0,0,6,0
AAGTCGTAACAAGGTTTCCGTAGGTGAACCTGCGGAAGGATCATTAACACGAATTTATTATCCAATATCAAAACCAAACGTGAACTTTTTTTCTCCCTACATTTTTGTCTCATTAGAGATTTAGATGTAGGCTAACCTTCATATACTTAATATGTATATGAACTATTTCTTTTTAACCCCTTTAACTTAACTAGTTTTCAACTCATCTTTATGTTTTGAAGACAACTAACTAAAGAAAAACAAGGTTATTCGAAAGAGCAGCTTTGTATTTTTTTCGATTTACGAAAAACTACAACGAACAACTCTTAACAATGGATATCTTGGTTCTC,Eukaryota--100--Domain;Fungi--85--Kingdom;Ascomycota--49--Phylum;Dothideomycetes--33--Class;Pleosporales--31--Order;unidentified--31--Family;unidentified--31--Genus;Pleosporales_sp--31--Species,56.7723342939481,0,0,0,6
AAGTCGTAACAAGGTTTCCGTAGGTGAACCTGCGGAAGGATCATTATAGAGATTGGTTGGGTAACACCTTCCAAACCTCCCACCCTATGTTTACATTACCTTTGTTGCTTTGGTAGGCCCGTCTCTAGACTGCCGGCTTCGGCTGGCCAGTGCCTACCAGAGGATCCAAAACTCTGTTTAATTGTATTGTCTGAGTACTATATAATAGTTAAAACTTTCAACAACGGATCTCTTGGTTCTG,Eukaryota--100--Domain;Fungi--100--Kingdom;Ascomycota--97--Phylum;Leotiomycetes--68--Class;Rhytismatales--33--Order;Rhytismataceae--33--Family;Colpoma--20--Genus;Colpoma_sp--20--Species,71.1934156378601,0,0,0,6
AAGTCGTAACAAGGTATCCGTAGGTGAACCTGCGGATGGATCATTACCAAAGGAATAACTTCCTACGCACTGTGAACTGTTTTGACTGACAGTCAGTGACTGTTTGCCCTGCTTACTGTAGGGCTACGTGTTGCTGACTGTACTTACTAAACGTATTGTAACTGTTAAACTGAACTACTTTAGTATGAACTAAAGACAACTTTTAGCAATGGATCTCTTGGTTCTC,Eukaryota--100--Domain;Fungi--99--Kingdom;Ascomycota--38--Phylum;Dothideomycetes--13--Class;Pleosporales--11--Order;unidentified--10--Family;unidentified--10--Genus;Pleosporales_sp--10--Species,62.0689655172414,0,0,5,0
AAGTCGTAACAAGGTCTCCGTAGGTGAACCTGCGGAGGGATCATTACAGAGTTCATGCCCTCACGGGTAGATCTCCCACCCTTGTGTATTTATACCTTTGTTGCTTTGGCAGGCCGCCTGGGCGCATGCCTGGCCACCGGCTCCCGAGCTGGTGCGTGCCTGCCAGAGGATCTCCAAACTCTAGTTATCAGTGTTGTCTGAGTACTATACAATAGTTAAAACTTTCAACAACGGATCTCTTGGTTCTG,Eukaryota--100--Domain;Fungi--100--Kingdom;Ascomycota--100--Phylum;Leotiomycetes--100--Class;Helotiales--100--Order;Helotiales_fam_Incertae_sedis--100--Family;Scytalidium--100--Genus;Scytalidium_lignicola--85--Species,83.1325301204819,0,0,5,0
AAGTCGTAACAAGGTCTCCGTTGGTGAACCAGCGGAGGGATCATTACAGTGTTACTACTCCAAACCCATTGTGAACCTTACCTATGTTCTGTTGCCTCGGCGGCGTCGGTCAGCGCCCCTCTGAAAAGAGGACGATGCCCCTCCCGCCGGCAGCACCAAACTCTTGAATTTTACAGCGGATTACAGTTCTGATTTGAAAACAAAAAACAAGTTAAAACTTTCAACAACGGATCTCTTGGTTCTG,Eukaryota--100--Domain;Fungi--100--Kingdom;Ascomycota--100--Phylum;Sordariomycetes--100--Class;Microascales--100--Order;Microascaceae--100--Family;Pseudallescheria--71--Genus;Pseudallescheria_boydii--35--Species,82.8571428571429,0,0,5,0
AAGTCGTAACAAGGTTTCCGTAGGTGAACCTGCGGAAGGATCATTAAAGAACGCCCCGTTTTTTGAAATGGGTTCTTATTCCCAAACCGTGTATATATACCTTTGTTGCTTTGGCAGGCCGCCTTCTAGGTGTTGGCTTCGGCTGATTGCGCCTGCCAGAGGATCCAAACTCGTTTGTTTAGTAATGTCTGAGTAATATATAATAGTTAAAACTTTCAACAACGGATCTCTTGGTTCTG,Eukaryota--100--Domain;Fungi--100--Kingdom;Ascomycota--99--Phylum;Leotiomycetes--96--Class;unidentified--62--Order;unidentified--62--Family;unidentified--62--Genus;Leotiomycetes_sp--62--Species,94.9748743718593,0,0,5,0
AAGTCGTAACAAGGTTTCCGTAGGTGAACCTGCGGAAGGATCATTACCGAGTACCGGGTCTCTCAGGCCCTTACTCCCACCCTTTGTGTACCTTACCATTTATTCAGTTGCCTTGGTGGGTTTTTGACCCCCCGGGACCTTAGCTGGTCCTTGGGCGGGTCGCCCGCCAGGGGAACTCCCTTAAACTCTTGTGAACTGGGCTGTCTGAGAATAAATCAAATAAATAAAACTTTCAACAACGGATCTCTTGGTTCTG,Eukaryota--100--Domain;Fungi--100--Kingdom;Ascomycota--100--Phylum;Dothideomycetes--100--Class;Tubeufiales--100--Order;Tubeufiaceae--100--Family;Acanthostigma--97--Genus;Acanthostigma_scopulum--97--Species,95.3488372093023,0,0,5,0
AAGTCGTAACAAGGTTTCCGTAGGTGAACCTGCGGAAGGATCATTACCGAGTTAGGGTCCTCAAAGGCCCGATCTCCCAACCCTTTGCTTATTATACCTTGTGTTGCTTCGGTAGGTCTGGCTCGTCCTACCGGAGGACCGTAAAACGTCCTCTGGAGAGTGCCTACCGATAGCCCAAACCAGAAACTCTTGAACAAAACATGTCTTGTCTGAGTAAACAAAAAAATTAAAGCAAAACTTTCAACAACGGATCTCTTGGTTCTG,Eukaryota--100--Domain;Fungi--100--Kingdom;Ascomycota--100--Phylum;Eurotiomycetes--100--Class;Chaetothyriales--100--Order;Herpotrichiellaceae--100--Family;Exophiala--100--Genus;Exophiala_xenobiotica--100--Species,83.4586466165414,0,0,5,0
AAGTCGTAACAAGGTCTCCGTAGGTGAACCTGCGGAGGGATCATTACAGAGTTCATGCCCTCACGGGTAGATCTCCCACCCTTGCGTATTCATACCTTTGTTGCTTTGGCAGGCCGCCTGGGCTCATGCCTGGCCACCGGCTCTCGGGCTGGTGCGTGCCTGCCAGAGGATCTCCAAACTCCAGTTATCAGTGTTGTCTGAGTCTTATACAATCGTTAAAACTTTCAACAACGGATCTCTTGGTTCTG,Eukaryota--100--Domain;Fungi--100--Kingdom;Ascomycota--100--Phylum;Leotiomycetes--100--Class;Helotiales--100--Order;Helotiales_fam_Incertae_sedis--100--Family;Scytalidium--100--Genus;Scytalidium_sp--100--Species,100,0,0,0,5
AAGTCGTAACAAGGTCTCCGTTGGTGAACCAGCGGAGGGATCATTACCGAGTTTACAACTCCCAAACCCATGTGAACATACCTACTGTTGCTTCGGCGGGATTGCCCCGGGCACCTCGTGTGCCCCGGATCAGGCGCCCGCCTAGGAAACTTAACTCTTGTTTTATTTTGGAATCTTCTGAGTAGTTTTTACAAATAAATAAAAACTTTCAACAACGGATCTCTTGGTTCTG,Eukaryota--100--Domain;Fungi--100--Kingdom;Ascomycota--99--Phylum;Sordariomycetes--98--Class;Hypocreales--98--Order;Bionectriaceae--98--Family;Clonostachys--98--Genus;Clonostachys_rosea--98--Species,98.9247311827957,0,0,0,5
AAGTCGTAACAAGGTTTCCGTAGGTGAACCTGCGGAAGGATCATTAAAGAATCGCCCCGTTTTTTGAAATGGGTTCCATTCCCAAACCGTGTATACATACCTTTGTTGCTTTGGCGGGCCGCCTTTTAGGCGTCGGCGTCGGCTGACTGCGCCTGCCAGAGGACCCAAACTCGTTTGTTTAGTGATGTCTGAGTACTATATAATAGTTAAAACTTTCAACAACGGATCTCTTGGTTCTG,Eukaryota--100--Domain;Fungi--100--Kingdom;Ascomycota--100--Phylum;Leotiomycetes--100--Class;unidentified--85--Order;unidentified--85--Family;unidentified--85--Genus;Leotiomycetes_sp--85--Species,98.0099502487562,0,0,0,5
AAGTCGTAACAAGGTTTCCGTAGGTGAACCTGCGGAAGGATCATTATCGAGTTTTGACTGGGTTGTAGCTGGCCTTCCGAGGCATGTGCACGCCCTGCTCATCCACTCTACACCTGTGCACTTACTGTGGGTATCAGATCGTGAAGCGTGCTCTTTTACCGGAGCTTGTGAAGCGTGTCTGTGCCTGCGTTTATCACAAACACTATAAAGTATCAGAATGTGTATTACGATGTAACGCATCTATATACAACTTTCAGCAACGGATCTCTTGGCTCTC,Eukaryota--100--Domain;Fungi--100--Kingdom;Basidiomycota--100--Phylum;Agaricomycetes--100--Class;Polyporales--100--Order;unidentified--99--Family;unidentified--99--Genus;Polyporales_sp--99--Species,83.7545126353791,0,0,0,4
AAGTCGTAACAAGGTTTCCGTAGGTGAACCTGCGGAAGGATCATTCATAATAAGTGTTTTATGGCACTTTTAAAAATCCATATCCACCTTGTGTGAAATGTCTGTCGCTTGCTTTTTTCTTCGGAAAAAAGGGGTGGCTCTACATCAACTCATTTTAAATACTTTGTCTGAAAACTATTATGAATAAACTAATTCAAAATACAACTTTCAACAACGGATCTCTTGGCTCTC,Eukaryota--100--Domain;Fungi--100--Kingdom;Zygomycota--100--Phylum;Mortierellomycotina_cls_Incertae_sedis--100--Class;Mortierellales--100--Order;Mortierellaceae--100--Family;Mortierella--100--Genus;Mortierella_amoeboidea--100--Species,100,0,0,0,4
AAGTCGTAACAAGGTCTCCGTAGGTGAACCTGCGGAGGGATCATTACAAGTGACCCCGGTCTAACCACCGGGATGTTCATAACCCTTTGTTGTCCGACTCTGTTGCCTCCGGGGCGACCCTGCCTTCGGGCGGGGGCTCCGGGTGGACACTTCAAACTCTTGCGTAACTTTGCAGTCTGAGTAAACTTAATTAATAAATTAAAACTTTTAACAACGGATCTCTTGGTTCTG,Eukaryota--100--Domain;Fungi--100--Kingdom;Ascomycota--96--Phylum;unidentified--92--Class;unidentified--92--Order;unidentified--92--Family;unidentified--92--Genus;Ascomycota_sp--92--Species,100,0,0,3,0
AAGTCGTAACAAGGTCTCCGTTGGTGAACCAGCGGAGGGATCATTACAGGGTCTGACGACTGCCCAAACCACACCGTGCACTCTTTTTATTACTATGCTTCGGCGGGTCGCTCGCTGGGGGAGCCTACCGGCCGCGGAAACGCGGTGGCCTGCCGAGGCATGCCCCAAACCATGAAAACAACTTTCTGAATATCATCTACTCCGAACGGAGAAGAAATAAGTCACAACTCATAACAATGGATCTCTTGGTTCTG,Eukaryota--100--Domain;Fungi--100--Kingdom;Ascomycota--90--Phylum;Sordariomycetes--83--Class;Pleurotheciales--69--Order;Pleurotheciaceae--69--Family;Melanotrigonum--69--Genus;Melanotrigonum_ovale--69--Species,80.9302325581395,0,0,3,0
AAGTCGTAACAAGGTCTCCGTTGGTGAACCAGCGGAGGGATCATTACTGAGTTATCCAACTCCCAAACCCCTGTGAACATACCTATGTTGCTTCGGCGGACCGTCCCGCGGCGCGCCCTCGTGGCGTGACCCGGATCCAGGCGCCCGCCGGGGAACCAAACTCTTGTTTTCTAGTGTCTCCTCTGAGTGGCATAAGCAAAAATAAACAAAACTTTCAGCAACGGATCTCTTGGTTCTG,Eukaryota--100--Domain;Fungi--100--Kingdom;Ascomycota--100--Phylum;unidentified--52--Class;unidentified--52--Order;unidentified--52--Family;unidentified--52--Genus;Ascomycota_sp--52--Species,97.3958333333333,0,0,3,0
AAGTCGTAACAAGGTTTCCGTAGGTGAACCTGCGGAAGGATCATTAAAAATATAATTATATAAAATATTATATATAAATATTTTTATTTATAATAATAGAAAAATATAAAAAATATATATAAATTTAATTTATATAAAAATTTTATATTTTTCGGTGAGAATGATAACTCTCACCATTAAAAAATTAATAGTGTCATAAAAAATTATAATATAAAATCTTTAAAATTAATATTGTCTATGAATTATTTTTATTTAATAAATAAAATATAACTTTTAACAATGGATCTCTTGGCTCTT,Eukaryota--100--Domain;Fungi--100--Kingdom;Zygomycota--31--Phylum;Entomophthoromycotina_cls_Incertae_sedis--21--Class;Entomophthorales--21--Order;Entomophthoraceae--21--Family;Pandora--21--Genus;Pandora_kondoiensis--13--Species,54.2207792207792,0,0,3,0
AAGTCGTAACAAGGTTTCCGTAGGTGAACCTGCGGAAGGATCATTAACACGTCCACACGTATCAACCCTCGCGAATCTGTTTAGTCGATCCTTAGAAATTGGGAGCTGATGAACGTTGGAGAAAACTGTTACGATTGGGGAGGGGAGAAGTGCTCTTCCGTATATCGGAGAACTCAAGATTTTGATTCTTCGGTGTCGGCTCTGGGTACTTTTTTCCTCGACAGTTTTTGTTTATCACTATGGCCCTCAGTTTCAACAAAGAACATCAAGGATCGTTTACCCTTTCGATTTTTTAAAACCCCTTGTACAATATGTACTGAATCTCTTCTTTTTTTGTGGAGCGTTTGTCCTCGGATGAAAACTCTTAAAAAAAAAGAAAATACGAAACAAATGAACAACTCTTAGCAACGGATATCTTGGTTTCC,Eukaryota--100--Domain;Fungi--64--Kingdom;Ascomycota--33--Phylum;Dothideomycetes--19--Class;Pleosporales--17--Order;unidentified--16--Family;unidentified--16--Genus;Pleosporales_sp--16--Species,47.7751756440281,0,0,3,0
AAGTCGTAACAAGGTTTCCGTAGGTGAACCTGCGGAAGGATCATTATAGAAATGCCCCTCTGTTCGCATGGGTTATTTTCAAAACCGTGTCTACCTTACCTTTGTTGCTTTGGCGGGCCGCCTTTGGGCGTTGGCTAATGCTAACTGTGCCCGCCAGAGGATCCAAAAACTCGTTGTTTAGTGGTGTCTGAGTACTATATAATAGTTAAAACTTTCAACAACGGATCTCTTGGTTCTG,Eukaryota--100--Domain;Fungi--100--Kingdom;Ascomycota--98--Phylum;Leotiomycetes--76--Class;Helotiales--58--Order;Helotiaceae--33--Family;unidentified--25--Genus;Helotiaceae_sp--25--Species,87.5,0,0,3,0
AAGTCGTAACAAGGTTTCCGTAGGTGAACCTGCGGAAGGATCATTATTGAATGAACTTGATGTAGTTGTCGCTGGCCCTCTCGGGGGTATGTGCACGCTCATCATCTTTATCTTTCCACCTGTGCACACTTTGTAGACCTGAATGGTACTTTCCGAGGCAACTCGGTCGGGAGGATTGCTGTGCGTTTATGCCGGCTTACCTTGCATTATTCAGGCCTATGTTTTCATATACCCCAAAGAATGTAACAGAATGTATTATTGGGCTTTTGTGCCTATAAACAATATACAACTTTCAGCAACGGATCTCTTGGCTCTC,Eukaryota--100--Domain;Fungi--100--Kingdom;Basidiomycota--100--Phylum;Agaricomycetes--100--Class;Agaricales--100--Order;Strophariaceae--93--Family;Galerina--84--Genus;Galerina_triscopa--23--Species,92.226148409894,0,0,3,0
AAGTCGTAACAAGGTTTCCGTAGGTGAACCTGCGGAAGGATCACTAAAGAATTCGCCCTTCGGGGCTCTCTTTATTCACACACCCCTGTGCACTTTGGCCACCTCTTTGTTGAGGTGTGTCTTTTTAATTACCATACCCTATAAACACAAGTTATTGAATGTAAAATCGTTATAAACTAATATAACTTTCAACAACGGATCTCTTGGTTCTC,Eukaryota--100--Domain;Fungi--100--Kingdom;Basidiomycota--99--Phylum;Tremellomycetes--99--Class;Cystofilobasidiales--99--Order;Cystofilobasidiaceae--99--Family;Cystofilobasidium--99--Genus;Cystofilobasidium_capitatum--97--Species,76.8867924528302,0,0,2,0
AAGTCGTAACAAGGTTTCCGTAGGTGAACCTGCGGAAGGATCATTAACAAATCTATTTGAGTGCTGCAGTCCTAGTGATTGCATGCACACATAAGCCCTAAAGCGTAGCACTTTTGTGTGACCGCTTTAGTGTGATTGGGGGATTCGATTTTTCGATTCCTTCAAAGGTCGTCCTTTGGGATGACCACATTGACGCTTGTTTGTTTGACAGAGTTTATTGTAACAAAAATTAGACAACTTTTAACAATGGATCTCTTGGCTCTT,Eukaryota--100--Domain;Fungi--100--Kingdom;Ascomycota--35--Phylum;Dothideomycetes--20--Class;Pleosporales--18--Order;unidentified--18--Family;unidentified--18--Genus;Pleosporales_sp--18--Species,57.7358490566038,0,0,2,0
AAGTCGTAACAAGGTTTCCGTAGGTGAACCTGCGGAAGGATCATTACAAATCTCGTCCTGCTGTGGTTGCTGCCATGGGCGGCGCCGCAGCAGCACATTGGCACAGCGGGCCCTCGGGTCCGTCTGATGTTTACGCTTGTTTGTTTGACAGAGTACAGGTGCCATAAACAAAGACAACTTTTAACAATGGATCTCTTGGCTCTT,Eukaryota--100--Domain;Fungi--100--Kingdom;unidentified--32--Phylum;unidentified--32--Class;unidentified--32--Order;unidentified--32--Family;unidentified--32--Genus;Fungi_sp--32--Species,74.1176470588235,0,0,2,0
AAGTCGTAACAAGGTAACCGTAGGTGAACCTGCGGTTGGATCATTACAAAATGATATATTTCTAGGTTTGTAGTCTATTACTTTACGGTAATGTGATTCGCCTAGAAATATCAACAACCCAATGTGCACTGTTTCTGTTTTTCGGGTGATTGATTTCTGCAGTAATTTAATTATTACGGTTTAAAGAAATCGCCCGGCAGTTTATAAACCCAATTTTAATTATTAGTCTGATTATTTCTGAAAATGAAATGAAAACAACTTTTGACAACGGATCTCTTGGCTCTC,Eukaryota--100--Domain;Fungi--100--Kingdom;Chytridiomycota--100--Phylum;Chytridiomycetes--100--Class;Rhizophydiales--100--Order;Rhizophydiales_fam_Incertae_sedis--100--Family;Operculomyces--100--Genus;Operculomyces_laminatus--100--Species,99.163179916318,0,0,0,2
AAGTCGTAACAAGGTATCCGTAGGTGAACCTGCGGATGGATCATTACTAAAGTATCCATCCTACGTTTTGTGAACTGTTTTGACTATCATAGTCAGTGTCTGGTGTGCTGTAACGGCCATCGATGCTGACTACACTGAATGTATATTTAAACTGACTGAGAGTACTATACTTATAGTAACCAATGAGAACTTTTAGCAACGGATCTCTTGGCTCTC,Eukaryota--100--Domain;Fungi--100--Kingdom;Ascomycota--29--Phylum;Dothideomycetes--9--Class;Pleosporales--9--Order;unidentified--9--Family;unidentified--9--Genus;Pleosporales_sp--9--Species,60.9649122807018,0,0,0,2
AAGTCGTAACAAGGTTTCCGTAGGTGAACCTGCGGAAGGATCATTAACAAGTCCGCTGCGTGCGCAACACCCTTGCGTATGCACATCCGTTCCATGCGCACATATGCTCTTGTGTGTATGTGTGTGCATGACATTTCTGCAAATCTCTGATTGTCGCATCACAACAAACAATACAAACTTTTAACAATGGATCTCTAGGCTCTT,Eukaryota--100--Domain;Fungi--100--Kingdom;Rozellomycota--64--Phylum;unidentified--64--Class;unidentified--64--Order;unidentified--64--Family;unidentified--64--Genus;Rozellomycota_sp--64--Species,59.0243902439024,0,0,0,2
AAGTCGTAACAAGGTTTCCGTAGGTGAACCTGCGGAAGGATCATTAGTGAAAACAAGGGCGTCCAATTTAACTTGGAGCCCGAACTCTCACTTTCTAACCCTGTGCATCTGTTATTGGTTAGTAGCTCTTCGGAGTGAACTCCATTCACTTACAAACACAAAGTTTATGAATGTATACAAAATTATAACAAAACAAAACTTTCAACAACGGATCTCTTGGCTCTC,Eukaryota--100--Domain;Fungi--100--Kingdom;Basidiomycota--100--Phylum;Microbotryomycetes--100--Class;Sporidiobolales--100--Order;Sporidiobolales_fam_Incertae_sedis--100--Family;Rhodosporidium--45--Genus;Rhodosporidium_kratochvilovae--45--Species,86.6336633663366,0,0,0,2
AAGTCGTAACAAGGTTTCCGTAGGTGAACCTGCGGAAGGATCATTAGTGAATTTTGAGCGCTTCTTTACGAAGGCTCGACCTCCACTTCTAACACTGTGCATTAACAAATTTGGTTAGTTTTGGAGATGCAAGTCTCTATAAGCCAGCCTTATTTATTCATTACAAACTTCAGTTAAAGAATGTAACAAACCTAAAACAAAAAAAACTTTCAACAACGGATCTCTTGGCTCTC,Eukaryota--100--Domain;Fungi--100--Kingdom;Basidiomycota--100--Phylum;Microbotryomycetes--100--Class;Sporidiobolales--100--Order;Sporidiobolales_fam_Incertae_sedis--100--Family;Rhodotorula--100--Genus;Rhodotorula_cresolica--100--Species,96.2765957446808,0,0,0,2
