sequence,dada2_tax,dada2_pid,S1_rps10,S2_rps10,S1_ITS,S2_ITS
GAAAATCTTTGTGTCGGTGGTTCAAATCCACCTCCAGACAAATTAATTTTTTAAAACTTATGTTTATATTAAGAATTACATTTAAATCTATTAAAAAAATAAATAACATTAAACCTATTTTATTAAATCAAAAAAATTTAAATAAATTTAATAATATTAAAATAAATGGAATATTTAAAACAAAAAATAAAAATAAAATTTTTACAGTATTAAAATCACCACATGTTAATAAAAAAGCACGTGAACATTTTATTTATAAAAATTTTACACAAAAAGTTGAAATTAAATGTTTAAATATTTTTCAATTATTAAATTTTTTAATTTTGATTAAAAAAATCTTAACAGAAAATTTTATTATTACTACAAAAATAATTAAACAATAATTAATATATGCTTATAGCTTAATGGATAAAGCATTAGATTGCGGATCTACAAAATGAA,Eukaryota--100--Domain;Heterokontophyta--100--Kingdom;Stramenopiles--100--Phylum;Oomycetes--100--Class;Peronosporales--80--Order;Peronosporaceae--80--Family;Peronospora--65--Genus;Peronospora_tabacina--47--Species,72.9124236252546,18513,263,0,0
GAAAATCTTTGTGTCGGTGGTTCAAGTCCGCCTCCAAACATCTTATAAAAATGTATGTATATTTTACGAATTAGTTTTAAATCAGTAGAAAAAATAAATGAATTAAAAAAAAATATCTCAAAAATAAAAAAAATATATAATTTTAAAAATTTAAAAGTAAATGGTATTTTTAGAACAAAAAATAAAAATAAAATTTTTACATTATTAAAATCACCCCATGTTAATAAAAAATCACGTGAACATTTTATATATAAAAATTATATTCAAAAAATTGATTTAAATTTTTCAAATTTTTTTCAATTATTAAATTTTTTAGTAATTTTAAAAAAAATATTATCTAAAGATTTTTTAATCAATATCAAAATTATTAAAAAAAATAAAAAAAATATGCTTATAGCTTAATGGATAAAGCGTTAGATTGCGGATCTATAAAATGAA,Eukaryota--100--Domain;Heterokontophyta--100--Kingdom;Stramenopiles--100--Phylum;Oomycetes--100--Class;Pythiales--100--Order;Pythiaceae--100--Family;Pythium--100--Genus;Pythium_lutarium--44--Species,99.7716894977169,14176,4427,0,0
GAAAATCTTTGTGTCGGTGGTTCAAGTCCACCTCCAGACAAAAATAATAACTATGTATATTTTAAGAATAACTTTTAAATCAATACAAAAAATAAATAATATTAAAAAAAATTTATTAAAATTAAAAAAAATAAATAAATTTAAAAATATTCAAATAAAAGGAATATTTAAAATAAAAGATAAAAATAAAATTTTTACTTTATTAAAATCACCTCACGTAAATAAAAAATCTCGTGAACATTTTATTTATAAAAATTATACTCAAAAAATAGATGTAAAATTTTCAAATATTATTGAATTATTTAATTTTATAATACTTATTAAAAAAGTTTTAACTAAAAATTTTATAATAAATTTTAAAATTATAAAATATAATAAAAAAAAAATGCTTATAGCTTAATGGATAAAGCGTTAGATTGCGGATCTATAAAATGAA,Eukaryota--100--Domain;Heterokontophyta--100--Kingdom;Stramenopiles--100--Phylum;Oomycetes--100--Class;Pythiales--100--Order;Pythiaceae--100--Family;Pythium--100--Genus;Pythium_cylindrosporum--29--Species,100,219,11905,0,0
GAAAATCTTTGTGTCGGTGGTTCAAATCCGCCTCCAAACAAAAATATAAATTATTTTATATGTATATTTTAAGAATAAGTTTTAAATCTGTATCAAAAATAGATAAAATTAAAAAAGAATTATCAAGATTAAAAAAAATATATAATTTTAAAAATATAACAATTAATGGTATTTTTAAAACAAAAAATAAAGATAAAATTTTTACATTATTAAAATCACCTCATGTTAATAAAAAATCTCGCGAACATTTTATTTATAAAAATTATGTACAAAAAATAGATTTAAATTTTATTAATATTTTTCAATTAATAAATTTTTTAATAATTTTAAAAAAAAAATTATCAAAAAATGTATTAATAAATGTAAAAATAATTAAAAAATAAAAAAATATGCTTATAGCTTAATGGATAAAGCGTTAGATTGCGGATCTATAAAATGAA,Eukaryota--100--Domain;Heterokontophyta--100--Kingdom;Stramenopiles--100--Phylum;Oomycetes--100--Class;Pythiales--93--Order;Pythiaceae--93--Family;Pythium--87--Genus;Pythium_aphanidermatum--19--Species,86.8778280542986,0,11624,0,0
AAGTCGTAACAAGGTTTCCGTAGGTGAACCTGCGGAAGGATCATTAACGAGTTCAACTGGGGTCTGTGGGGATTCGATGCTGGCCTCCGGGCATGTGCTCGTCCCCCGGACCTCACATCCACTCACAACCCCTGTGCATCATGAGAGGTGTGGTCCTCCGTCATGGGAGCAGCTCCCCTCCGGGCGTGTTTGTACACCCCGGGCGGTCGAGCCGGGACTGCACTTCGACGCCTTTACACAAACCTTTGAATCAGTGATGTAGAATGTCATGGCCAGCGATGGTCGAACTTTAAATACAACTTTCAACAACGGATCTCTTGGCTCTC,Eukaryota--100--Domain;Heterokontophyta--100--Kingdom;Stramenopiles--100--Phylum;Oomycetes--100--Class;Peronosporales--80--Order;Peronosporaceae--69--Family;Peronospora--49--Genus;Peronospora_tabacina--18--Species,41.3897280966767,0,0,8292,2151
AAAAAGTCGTAACAAGGTTTCCGTAGGTGAACCTGCGGAAGGATCATTAGTGAATCTTCAAAGTCGGCTCGTCAGATTGTGCTGGTGGAGACACATGTGCACGTCTACGAGTCGCAAACCCACACACCTGTGCATCTATGACTCTGAGTGCCGCTTTGCATGGCCCCTTGATTTGGGCCTGGCGCTCGAGTACTTTCACACACTCTCGAATGTAATGGAATGTCTTCTTGTGCATAACGTACAAACAGAAACAACTTTCAACAACGGATCTCTTGGCTCTC,Eukaryota--100--Domain;Heterokontophyta--100--Kingdom;Stramenopiles--100--Phylum;Oomycetes--100--Class;Peronosporales--81--Order;Peronosporaceae--81--Family;Peronospora--54--Genus;Peronospora_tabacina--21--Species,48.780487804878,0,0,10152,0
AAAAAGTCGTAACAAGGTTTCCGTAGGTGAACCTGCGGAAGGATCATTAGTGAATCTTCAAAGTCGGCTCGTCGGATTGTGCTGGTGGAGACACATGTGCACGTCTACGAGTCGCAAACCCACACACCTGTGCATCTATGACTCTGAGTGCCGCTTTGCATGGCCCCTTGATTTGGGCCTGGCGCTCGAGTACTTTCACACACTCTCGAATGTAATGGAATGTCTTGTTGTGCATAACGTACAAACAGAAACAACTTTCAACAACGGATCTCTTGGCTCTC,Eukaryota--100--Domain;Heterokontophyta--100--Kingdom;Stramenopiles--100--Phylum;Oomycetes--100--Class;Peronosporales--89--Order;Peronosporaceae--89--Family;Peronospora--64--Genus;Peronospora_tabacina--23--Species,48.4536082474227,0,0,9304,0
AAAAAGTCGTAACAAGGTTTCCGTAGGTGAACCTGCGGAAGGATCATTAGTGAATCTTCAAAGTCGGCTCGTCGGATTGTGCTGGTGGAGACACATGTGCACGTCTACGAGTCGCAAACCCACACACCTGTGCATCTATGACTCTGAGTGCCGCTTTGCATGGCCCCTTGATTTGGGCCTGGCGCTCGAGTACTTTCACACACTCTCGAATGTAATGGAATGACTTGTTGTGCATAACGTACAAACAGAAACAACTTTCAACAACGGATCTCTTGGCTCTC,Eukaryota--100--Domain;Heterokontophyta--100--Kingdom;Stramenopiles--100--Phylum;Oomycetes--100--Class;Peronosporales--82--Order;Peronosporaceae--82--Family;Peronospora--56--Genus;Peronospora_tabacina--18--Species,48.4536082474227,0,0,0,6710
AAAAAGTCGTAACAAGGTTTCCGTAGGTGAACCTGCGGAAGGATCATTAGTGAATCTTCAAAGTCGGCTCGTCGGATTGTGCTGGTGGAGACACATGTGCACATCTACGAGTCGCAAACCCACACACCTGTGCATCTATGACTCTGAGTGCCGCTTTGCATGGCCCCTTGATTTGGGCCTGGCGCTCGAGTACTTTCACACACTCTCGAATGTAATGGAATGTCTTGTTGTGCATAACGTACAAACAGAAACAACTTTCAACAACGGATCTCTTGGCTCTC,Eukaryota--100--Domain;Heterokontophyta--100--Kingdom;Stramenopiles--100--Phylum;Oomycetes--100--Class;Peronosporales--83--Order;Peronosporaceae--83--Family;Peronospora--60--Genus;Peronospora_tabacina--24--Species,48.4536082474227,0,0,0,4961
GAAAATCTTTGTGTCGGTGGTTCAAGTCCGCCTCCAAACATCTTATAAAAATGTATGTATATTTTACGAATTAGTTTTAAATCAGTAGAAAAAATAAATGAATTAAAAAAAAATATCTCAAAAATAAAAAAAATATATAATTTTAAAAATTTAAAAGTAAAATGGTATTTTTAGAACAAAAAATAAAAATAAAATTTTTACATTATTAAAATCACCCCATGTTAATAAAAAATCACGTGAACATTTTATATATAAAAATTATATTCAAAAAATTGATTTAAATTTTTCAAATTTTTTTCAATTATTAAATTTTTTAGTAATTTTAAAAAAAACATTATCTAAAGATTTTTTAATCAATATTAAAATTATTAAAAAAAATAAAAAAATATGCTTATAGCTTAATGGATAAAGCGTTAGATTGCGGATCTATAAAATGAA,Eukaryota--100--Domain;Heterokontophyta--100--Kingdom;Stramenopiles--100--Phylum;Oomycetes--100--Class;Pythiales--100--Order;Pythiaceae--100--Family;Pythium--100--Genus;Pythium_oopapillum--55--Species,99.5444191343963,0,3015,0,0
AAGTCGTAACAAGGTTTCCGTAGGTGAACCTGCGGAAGGATCATTAAAAATGAAGCCGGGAAACCGGTCCTTCTAACCCTTGATTATCTTAATTTGTTGCTTTGGTGGGCCGCGCAAGCACCGGCTTCGGCTGGATCGTGCCCGCCAGAGGACCACAACTCTGTATCAAATGTCGTCTGAGTACTATATAATAGTTAAAACTTTCAACAACGGATCTCTTGGTTCTG,Eukaryota--100--Domain;Heterokontophyta--100--Kingdom;Stramenopiles--100--Phylum;Oomycetes--100--Class;Peronosporales--77--Order;Peronosporaceae--76--Family;Peronospora--63--Genus;Peronospora_tabacina--36--Species,49.7797356828194,0,0,359,2245
AAGTCGTAACAAGGTTTCCGTAGGTGAACCTGCGGAAGGATCATTAACGAGTTCAGTCCCGGGATTGATGCTGGCGGCCCCTCTCGGGGAGGCATGTGCTCGTCCTGTGGGCCATCCACACTCACCAACCCCCTTTGTGCACCATGAGAGGTGTGGGTCCCCCTTAACCCCGGGGATCAACACTTCGAACGCATATACACACACTTCTATTCAGTTCTGTAGAATGTAATGACCGGGTAGCCGGTCGAACCTAAATACAACTTTCAACAACGGATCTCTTGGCTCTC,Eukaryota--100--Domain;Heterokontophyta--100--Kingdom;Stramenopiles--100--Phylum;Oomycetes--100--Class;Peronosporales--75--Order;Peronosporaceae--75--Family;Peronospora--45--Genus;Peronospora_centranthi--4--Species,42.4137931034483,0,0,1295,660
AAGTCGTAACAAGGTTTCCGTAGGTGAACCTGCGGAAGGATCATTAACGAGTTCAGTCCCGGGATTGATGCTGGCGGCCCCTCTCGGGGAGGCATGTGCTCGTCCTGTGGGCCATCCACACTCACAACCCCTTTGTGCACCATGAGAGGTGTGGGTCCTCCCTTAACCCGGGGGGGATCAACACTTCGAACGCATATACACACACTTCTATTCAGTTCTGTAGAATGTAATGACCGGGTAGCCGGTCGAACCTATATACAACTTTCAACAACGGATCTCTTGGCTCTC,Eukaryota--100--Domain;Heterokontophyta--100--Kingdom;Stramenopiles--100--Phylum;Oomycetes--100--Class;Peronosporales--71--Order;Peronosporaceae--71--Family;Plasmopara--7--Genus;Plasmopara_halstedii--7--Species,43.2525951557093,0,0,1044,617
AAGTCGTAACAAGGTTTCCGTAGGTGAACCTGCGGAAGGATCATTACTGGGTAAAGGCTTTTCGCCTCCAACCCCACCCTCTGTAACTGCGGCCCGGATTCGGCGCCTGGCGGGAAACCCCTCTGTTCGCGGAGGCTCCTCGCCTGCCGGAATCAGCCAACACTGTCTCAAAAATTGAAGTCTGAGAACAAGTTTAAAACTAAACAAAACTTTCAACAACGGATCTCTTGGTTCTG,Eukaryota--100--Domain;Heterokontophyta--100--Kingdom;Stramenopiles--100--Phylum;Oomycetes--100--Class;Peronosporales--77--Order;Peronosporaceae--65--Family;Peronospora--46--Genus;Peronospora_tranzscheliana--1--Species,42.9166666666667,0,0,542,911
AAGTCGTAACAAGGTCTCCGTTGGTGAACCAGCGGAGGGATCATTACCGGGTCTAGCGACTGCCCGAACCACTACACTGTGCACTATTCCAAAACAAATTTCTACGCTGCGGCGGGCCGCTCGCTGGAGGGGCCCCGGGCCGAAAGGCTGGCCTGCCAAAGCAACCCTTAAAATATTTTGAAGCACTTCTGAGAGGCGCCGATAGCCTTTTTATCAAAGGTGATCACAACCCACAACAATGGATCTCTTGGCTCTG,Eukaryota--100--Domain;Heterokontophyta--100--Kingdom;Stramenopiles--100--Phylum;Oomycetes--100--Class;Peronosporales--81--Order;Peronosporaceae--81--Family;Peronospora--65--Genus;Peronospora_trifolii_minoris--11--Species,42.2053231939163,0,0,24,990
AAGTCGTAACAAGGTTTCCGTAGGTGAACCTGCGGAAGGATCATTATCGAGTTTGTGGGGGGTGGATTGATGCTGGCCGCACTTGTGTGGCATGTGCTCGTCTCCCTCTTCGTCCCACTCTCAACCCCATGTGCACCGTGAGGGGTGTTGGTCCCGCCAGTCGGGACGGACGCCTCGAACCCCCCTACACACACAAACCAGTATGAACCGAATGTAATAATTTGATAAATCATTACAACTTTCAACAACGGATCTCTTGGCTCTC,Eukaryota--100--Domain;Heterokontophyta--100--Kingdom;Stramenopiles--100--Phylum;Oomycetes--100--Class;Peronosporales--61--Order;Peronosporaceae--61--Family;Peronospora--51--Genus;Peronospora_tabacina--23--Species,42.6415094339623,0,0,947,0
AAGTCGTAACAAGGTTTCCGTAGGTGAACCTGCGGAAGGATCATTAATGAAAACTTCAGGAGTTGCTGCTGGCCTCTCGAGGCACTCGTGCACGCTCCGTTTTTCATCCACCCACACCTGTGCACAATCCTTTTTTGAGAGGGAAAATGGGATTTCTTCGGAATGTCCCTCTTTTCCTCCAAAAAATCAATCACACACTCTACGCAATCGTCAGAACGAACTTGTTTTTTTGTAAACAAACTTAACAACTTTCAACAACGGATCTCTTGGCTCTC,Eukaryota--100--Domain;Heterokontophyta--100--Kingdom;Stramenopiles--100--Phylum;Oomycetes--100--Class;Peronosporales--84--Order;Peronosporaceae--84--Family;Peronospora--69--Genus;Peronospora_tabacina--25--Species,49.1103202846975,0,0,0,887
AAGTCGTAACAAGGTTTCCGTAGGTGAACCTGCGGAAGGATCATTAATGAAAACTTCAGGAGTTGCTGCTGGCCTCTCGAGGCACTTGTGCACGCTCCGTTTTTCATCCACCCACACCTGTGCACAATCCATTTTTTGAGAGGGAAAACGGGACTTCTTCGGAATTGTCCCTCTTTTCCTCCAAAAAATCAATCACACACTCTACGCAATCGTCAGAACGAACTTGTTTTTTTGTAAACAAACTTAACAACTTTCAACAACGGATCTCTTGGCTCTC,Eukaryota--100--Domain;Heterokontophyta--100--Kingdom;Stramenopiles--100--Phylum;Oomycetes--100--Class;Peronosporales--77--Order;Peronosporaceae--75--Family;Peronospora--65--Genus;Peronospora_tabacina--28--Species,48.0565371024735,0,0,0,781
AAGTCGTAACAAGGTCTCCGTAGGTGAACCTGCGGAGGGATCATTACAGAGAACATCGCCCTCACGGGTGACTCTCCAACCCTATGTTATACAACCTTTGTTGCTTTGGCGAGCCGCCTCGGCCGCTGGCTTCGGCTAGCGAGTGCTCGCCAGAGGACCCCAAACTCTGAATATTAATGTCGTCTGAGTACTATATAATAGTTAAAACTTTCAACAACGGATCTCTTGGTTCTG,Eukaryota--100--Domain;Heterokontophyta--100--Kingdom;Stramenopiles--100--Phylum;Oomycetes--100--Class;Saprolegniales--10--Order;Saprolegniaceae--8--Family;Achlya--8--Genus;Achlya_hypogyna--8--Species,48.3870967741936,0,0,0,731
GAAAATCTTTGTGTCGGTGGTTCAAATCCACCTCCAGACAAATTAATTTTTTAAAACTTATGTTTATATTAAGAATTACATTTAAATCTATTAAAAAAACAAATAACATTAAACCTATTTTATTAAATCAAAAAAATTTAAATAAATTTAATAATATTAAAATAAATGGAATATTTAAAACAAAAAATAAAAATAAAATTTTTACAGTATTAAAATCACCACATGTTAATAAAAAAGCACGTGAACATTTTATTTATAAAAATTTTACACAAAAAGTTGAAATTAAATGTTTAAATATTTTTCAATTATTAAATTTTTTAATTTTGATTAAAAAAATCTTAACAGAAAATTTTATTATTACTACAAAAATAATTAAACAATAATTAATATATGCTTATAGCTTAATGGATAAAGCATTAGATTGCGGATCTACAAAATGAA,Eukaryota--100--Domain;Heterokontophyta--100--Kingdom;Stramenopiles--100--Phylum;Oomycetes--100--Class;Peronosporales--73--Order;Peronosporaceae--73--Family;Peronospora--66--Genus;Peronospora_tabacina--48--Species,72.7087576374745,507,0,0,0
AAGTCGTAACAAGGTTTCCGTAGGTGAACCTGCGGAAGGATCATTAGTGAATCTTCAAAAGTCGGCTCGTCGGATTGTGCTGGTGGAGACACATGTGCACGTCTTGCGAGTCGCAAACCCACACACCTGTGCATCTATGACTCTGAGTGCCACTTTGCATGGCCTTGACCGGCCTGGCGCTCGAGTACTTTTCACACACTCGAATGTAATGGAATGTCTTGTTGTGCGTAATGTACAAACTGAAACAACTTTCAACAACGGATCTCTTGGCTCTC,Eukaryota--100--Domain;Heterokontophyta--100--Kingdom;Stramenopiles--100--Phylum;Oomycetes--100--Class;Peronosporales--82--Order;Peronosporaceae--82--Family;Peronospora--63--Genus;Peronospora_tabacina--26--Species,44.2028985507246,0,0,414,0
AAGTCGTAACAAGGTTTCCGTAGGTGAACCTGCGGAAGGATCATTAGTGAATCTTCAAAGTCGGCTTGTCGGATTGTGCTGGTGGAGACACATGTGCACATCTGCGAGTCGCAAACCCACACACCTGTGCATCTATGACTCTGAGTGCCGCTTTGCGTGGTCCTTGATTGGGCCTGGCGCTCGAGTACTTTCACACACTCTCGAATGTAATGGAATGTCTTGTTGTGCATAAATGTACAAACAGAAACAACTTTCAACAACGGATCTCTTGGCTCTC,Eukaryota--100--Domain;Heterokontophyta--100--Kingdom;Stramenopiles--100--Phylum;Oomycetes--100--Class;Peronosporales--86--Order;Peronosporaceae--83--Family;Peronospora--50--Genus;Peronospora_tabacina--12--Species,46.8085106382979,0,0,392,0
AAGTCGTAACAAGGTCTCCGTAGGTGAACCTGCGGAGGGATCATTACAGAGAACATCGCCCTCACGGGTGACTCTCCAACCCTATGTTATACAACCTTTGTTGCTTTGGCGAGCCGCCTCGGCCGCTGGCTTCGGCTAGCGAGTGCTCGCCAGAGGACCCCAAACTCTGAATATTTTAATGTCGTCTGAGTACTATATAATAGTTAAAACTTTCAACAACGGATCTCTTGGTTCTG,Eukaryota--100--Domain;Heterokontophyta--100--Kingdom;Stramenopiles--100--Phylum;Oomycetes--100--Class;Saprolegniales--12--Order;Saprolegniaceae--12--Family;Achlya--11--Genus;Achlya_hypogyna--11--Species,48,0,0,380,0
AAGTCGTAACAAGGTTTCCGTAGGTGAACCTGCGGAAGGATCATTAGTGAATCTTCAAAGTCGGCTCGTCGGATTGTGCTGGTGGAGACACATGTGCACGTCTGCGAGTCGCAAACCCACACACCTGTGCATCTATGACTCTGAGTGCCGCTTTGTGTGGCCCTTGATTGGGCCTGGTGCTCGAGTACTTTCACACACTCTCGAATGTAATGGAATGTCTTGTTGTGCATAAATGTACAAACAGAAACAACTTTCAACAACGGATCTCTTGGCTCTC,Eukaryota--100--Domain;Heterokontophyta--100--Kingdom;Stramenopiles--100--Phylum;Oomycetes--100--Class;Peronosporales--82--Order;Peronosporaceae--79--Family;Peronospora--42--Genus;Peronospora_tabacina--17--Species,46.0431654676259,0,0,370,0
AAGTCGTAACAAGGTTTCCGTAGGTGAACCTGCGGAAGGATCATTAAAGAATCGCCCCGTTTTTCGAAATGGGTTCTATTCCCAAACCGTGTATACATACCTTTGTTGCTTTGGCAGGCCGCCTTCTAGGCGTCGGCTTCGGCGGACTGCGCCTGCCAGAAGACCCAAACTCGTTTGTTTAGTGATGTCTGAGTACTATATAATAGTTAAAACTTTCAACAACGGATCTCTTGGTTCTG,Eukaryota--100--Domain;Heterokontophyta--100--Kingdom;Stramenopiles--100--Phylum;Oomycetes--100--Class;Peronosporales--75--Order;Peronosporaceae--75--Family;Peronospora--54--Genus;Peronospora_tabacina--17--Species,47.0833333333333,0,0,191,154
AAGTCGTAACAAGGTTTCCGTAGGTGAACCTGCGGAAGGATCATTAAAGAACGCCCCGTTTTTTGAAATGGGTAATTCCCAAACCGTGTCTATATACCTTTGTTGCTTTGGCAGGTCGCCTTCTAGGAGGCGTCGGCTCCGGCTGACTGCGCCTGCCAGAGGACCCAAACTCGTTTTGTTTAGTGTCGTCTGAGTACTATATAATAGTTAAAACTTTCAACAACGGATCTCTTGGTTCTG,Eukaryota--100--Domain;Heterokontophyta--100--Kingdom;Stramenopiles--100--Phylum;Oomycetes--100--Class;Peronosporales--66--Order;Peronosporaceae--66--Family;Peronospora--44--Genus;Peronospora_tabacina--17--Species,47.5206611570248,0,0,300,0
AAGTCGTAACAAGGTCTCCGTTGGTGAACCAGCGGAGGGATCATTACAGAGTTCTAAAAGACTCCCAAACCATTGTGAACATACCCGTCAGCGTTGCTTCGGCGGGCGTCCCCTCCCTGGGGACGCTGCCCTTCGGGGTGCCCGCCGGTGCTTACGAAACTCTTTTGTATTTTAGTGGCCTCTCTGAGAAAACAAACAAATAAGTTAAAACTTTCAACAACGGATCTCTTGGTTCTG,Eukaryota--100--Domain;Heterokontophyta--100--Kingdom;Stramenopiles--100--Phylum;Oomycetes--100--Class;Peronosporales--73--Order;Peronosporaceae--71--Family;Peronospora--46--Genus;Peronospora_centranthi--5--Species,44.3983402489627,0,0,0,289
AAGTCGTAACAAGGTTTCCGTAGGTGAACCTGCGGAAGGATCATTAAAGAATGCCCCGTTTTTTGAAACGGGTTCTATTCCCAAACCGTGTATACATACCTTTGTTGCTTTGGCAGGCCGCCTTCGGGCGTTGGCTCACGCTGACCGCGCCTGCCAGAGGACCCAAACTCGTTTGTTTAGTGATGTCTGAGTACTATATAATAGTTAAAACTTTCAACAACGGATCTCTTGGTTCTG,Eukaryota--100--Domain;Heterokontophyta--100--Kingdom;Stramenopiles--100--Phylum;Oomycetes--100--Class;Peronosporales--83--Order;Peronosporaceae--83--Family;Peronospora--64--Genus;Peronospora_tabacina--22--Species,47.8991596638655,0,0,199,80
AAGTCGTAACAAGGTTTCCGTAGGTGAACCTGCGGAAGGATCATTAAAGAATGCCCCGTTTTTTGAAATGGGTTCTATTCCCAACCGTGTATACATACCTTTGTTGCTTTGGCAGGCCGCCTTCTAGGCGTTGGCTCCGGCTAACTGCGCTTGCCAGAGGACCCAAACTCGTTTGTTTAGTGATGTCTGAGTACTATATAATAGTTAAAACTTTCAACAACGGATCTCTTGGTTCTG,Eukaryota--100--Domain;Heterokontophyta--100--Kingdom;Stramenopiles--100--Phylum;Oomycetes--100--Class;Peronosporales--85--Order;Peronosporaceae--85--Family;Peronospora--69--Genus;Peronospora_tabacina--33--Species,48.7394957983193,0,0,211,65
AAAAAGTCGTAACAAGGTTTCCGTAGGTGAACCTGCGGAAGGATCATTAGTGAATCTTCAAAGTCGGCTTGTCGGATTGTGCTGGTGGAGACACATGTGCACATCTGCAAGTCGCAAACCCACACACCTGTGCATCTATGACTCTGAGTGCCACATTGCATGGCCCCTTGATTTGGGCCTGGCGCTCGAGTATTTTCACACACTCTTGAATGTAATGGAATGTCTTGTTGTGCATAACGTACAAACAGAAACAACTTTCAACAACGGATCTCTTGGCTCTC,Eukaryota--100--Domain;Heterokontophyta--100--Kingdom;Stramenopiles--100--Phylum;Oomycetes--100--Class;Peronosporales--69--Order;Peronosporaceae--69--Family;Peronospora--43--Genus;Peronospora_tabacina--14--Species,48.7889273356401,0,0,262,0
AAGTCGTAACAAGGTTTCCGTAGGTGAACCTGCGGAAGGATCATTAACAGTAACATGGTTATGCTTCTAGCATAGACTGAATGAAACCCACCCTGAGTACCTTTGCCTGTTGCTTCCGTAGGGCATGACATCTGTCACTCTTGAGCTTAAAAACCTCAAGGGAGTCCTTACGGGAGGTATACTATTGAAACTCTTGCACTTCAATGTCTTCTGTCTGAACTTGTTTACAGCAAACATTAAAACTTTCAACAACGGATCTCTTGGTTCTC,Eukaryota--100--Domain;Heterokontophyta--100--Kingdom;Stramenopiles--100--Phylum;Oomycetes--100--Class;Peronosporales--82--Order;Peronosporaceae--81--Family;Peronospora--53--Genus;Peronospora_tabacina--21--Species,47.6014760147601,0,0,0,260
AAGTCGTAACAAGGTTTCCGTAGGTGAACCTGCGGAAGGATCATTATTGAAAAAGACAAGACGCCCCGTTTTTTCGTAAAATGGGTTCAATACCCACAACCGTGTATACCTTACCTTTGTTGCTTTGGCAGGCCGCCTCCGGGCGTTGGCTTCGGCTGACAGCGCCTGCCAGAGGACCCAAACTCTGTGTTTAGTGATGTCTGAGTAATATATAATATTTTAAAACTTTCAACAACGGATCTCTTGGTTCTG,Eukaryota--100--Domain;Heterokontophyta--100--Kingdom;Stramenopiles--100--Phylum;Oomycetes--100--Class;Peronosporales--68--Order;Peronosporaceae--67--Family;Peronospora--56--Genus;Peronospora_tabacina--15--Species,47.6377952755905,0,0,259,0
AAGTCGTAACAAGGTTTCCGTAGGTGAACCTGCGGAAGGATCATTAACAGTAACATGGTTATGCTTCTAGCATAGACTGAATGAAACCCACTCTGAGTACCTCTGCCTGTTGCTTCCGTAGGGCATGACATCCGTCACTCTTGACTTTAATATTCTCAAGGGAGTCCTTACGGGAGGTATACTATTGAAACTCTTGCACTTCAATGTCTTCTGTCTGAAACTGTTTACAGCAAACATTAAAACTTTCAACAACGGATCTCTTGGTTCTC,Eukaryota--100--Domain;Heterokontophyta--100--Kingdom;Stramenopiles--100--Phylum;Oomycetes--100--Class;Peronosporales--81--Order;Peronosporaceae--81--Family;Peronospora--57--Genus;Peronospora_tabacina--31--Species,48.5507246376812,0,0,210,48
AAGTCGTAACAAGGTCTCCGTAGGTGAACCTGCGGAGGGATCATTACAGAGAACATCGCCCTCACGGGTGACTCTCCAACCCTTATGTTATTAAAACCTTTGTTGCTTTGGCGAGCCGCTTCGGCCACCGGCGTCTTGCTGGTGTGCGCTCGCCAGAGGACCCCAAACTCTTGTTTATTAATGTCGTCTGAGTACTATATAATAGTTAAAACTTTCAACAACGGATCTCTTGGTTCTG,Eukaryota--100--Domain;Heterokontophyta--100--Kingdom;Stramenopiles--100--Phylum;Oomycetes--100--Class;Peronosporales--73--Order;Peronosporaceae--73--Family;Plasmopara--17--Genus;Plasmopara_viticola--11--Species,44.1295546558704,0,0,20,157
AAGTCGTAACAAGGTTTCCGTAGGTGAACCTGCGGAAGGATCATTAATGAAATACAAGTCGGCGGATTGTGCTGGCGCGCAAGCGCATGTGCACGTCTGTTGCAAATCCACACACCTGTGCACCTTAGACTCTGAGTGAGCTTTCGTAACCGATTGCACCTCGGAGTATTTTACACACGCTGAATGTAAAAGGATGTTGTAGTGCCTAGCACAAAAAAACTTACAACTTTCAACAACGGATCTCTTGGCTCTC,Eukaryota--100--Domain;Heterokontophyta--100--Kingdom;Stramenopiles--100--Phylum;Oomycetes--100--Class;Peronosporales--78--Order;Peronosporaceae--77--Family;Peronospora--57--Genus;Peronospora_tabacina--25--Species,45.703125,0,0,0,152
AAGTCGTAACAAGGTTTCCGTAGGTGAACCTGCGGAAGGATCATTAGTGAACAAACCGGTGTGGCTAAGTTGCTGGCCTTTTCGGAGGCATGTGCACGGCCTGCCATTGTTTCATCCTTCTCCACCTGTGCACTTCTGTGGGTCCACTCCAGCGCACTCTCTGTGTGCTGGACTCTGGTACCTACGTTTTCACTACCCACACAATTGAATGTTCAGAATGTATGTATCAGGCATTCTTGCCTATAAAACCTTATACAACTTTCAACAACGGATCTCTTGGCTCTC,Eukaryota--100--Domain;Heterokontophyta--100--Kingdom;Stramenopiles--100--Phylum;Oomycetes--100--Class;Peronosporales--72--Order;Peronosporaceae--72--Family;Peronospora--66--Genus;Peronospora_tabacina--16--Species,46.1805555555556,0,0,0,141
AAGTCGTAACAAGGTTTCCGTAGGTGAACCTGCGGAAGGATCATTAACGAATTACAAAGTCGGCCTTGCTGTTGCTGGTGGAAACACATGTGCACGCTCGGTTGCAAATCCACACACCTGTGCATCTATGACTCGAGGTTGTTGTCGTATGACCGAGAGTAACTTTTACACACTCTTGAATGTAATGGAATGTCTACTGTGCATAATGTACAATTAAACAACTTTCAACAACGGATCTCTTGGCTCTC,Eukaryota--100--Domain;Heterokontophyta--100--Kingdom;Stramenopiles--100--Phylum;Oomycetes--100--Class;Pythiales--7--Order;Pythiaceae--7--Family;Plasmopara--7--Genus;Plasmopara_obducens--7--Species,48.605577689243,0,0,136,0
AAGTCGTAACAAGGTCTCCGTTGGTGAACCAGCGGAGGGATCATTACCGGGTCTAGCGACTGCCCGAACCACCACACCGTGCACCGTACCGTTCCTACGCTGCGCCGCGGCGGGCCGCTCGCTGGAGGAGCCCCGGGCCGAGAGGCCGGCCCGCCGGAGGCGAACTGGAAAACAAGTCTCCCGAAGCTCTTCTGAGAGGCGCCGAAAGCCTTCCGTCGGGAGGTGATCACAACCCACAACAATGGATCTCTTGGCTCTG,Eukaryota--100--Domain;Heterokontophyta--100--Kingdom;Stramenopiles--100--Phylum;Oomycetes--100--Class;Peronosporales--56--Order;Peronosporaceae--56--Family;Peronospora--44--Genus;Peronospora_centranthi--14--Species,40.1544401544402,0,0,0,119
AAGTCGTAACAAGGTTTCCGTAGGTGAACCTGCGGAAGGATCATTACAAATGAGGATGGAGTGGGTGTGGGTGTGTTTGGCTTGTGTGTGAGTGGTGGTGGTGGTGGTGCGTGTTCGTGTTCGTGTTGGGTAATCGTTTTTGTTGCTTGCACTAGTGTCGGCCATGCATGGGTACGCATATTCGTATGTGTGCTTGCTTGGTCTGTTCACTTTCATGTAATGCAATCCTAACCGACCCTAACACTAACCAACCTAACCTAACCGACCCTAACACTAACCAACCTAACCTAACCCCTATCTCCAACACTTTACGCCTGTCGTGTTTGTCAGAGTTATCTTGTACCTAAATATATACAACTTTTAACAACGGATCTCTGGGCTCTT,Eukaryota--100--Domain;Heterokontophyta--100--Kingdom;Stramenopiles--100--Phylum;Oomycetes--100--Class;Peronosporales--70--Order;Peronosporaceae--70--Family;Peronospora--54--Genus;Peronospora_tabacina--26--Species,46.3104325699746,0,0,0,107
AAGTCGTAACAAGGTTTCCGTAGGTGAACCTGCGGAAGGATCATTCATAATCAAGTGTTTTTATGGCACTTTCAAAAATCCATATCCACCTTGTGTGCAATGTCATCTCACTGGAGGTCAACGGCTGTAAAAATCCGTTTGGTCACCTTTGGGATTTATATCTACTCAGAACTTTAGTGATTTTGTCTGAAACATATTATGAATACTTAATTCAAAATACAACTTTCAACAACGGATCTCTTGGCTCTC,Eukaryota--100--Domain;Heterokontophyta--100--Kingdom;Stramenopiles--100--Phylum;Oomycetes--100--Class;Peronosporales--77--Order;Peronosporaceae--75--Family;Plasmopara--19--Genus;Plasmopara_viticola--16--Species,50.1960784313725,0,0,24,78
AAGTCGTAACAAGGTTTCCGTAGGTGAACCTGCGGAAGGATCATTACTGAGTGAGGGCCCTCTGGGTCCAACCTCCCACCCGTGTTTATTGTACCTTGTTGCTTCGGTGCGCCCGCCTCACGGCCGCCGGGGGGCTTCTGCCCCCGGGTCCGCGCGCACCGGAGACACCATTGAACTCTGTCTGAAGATTGCAGTCTGAGCATAAACTAAATAAGTTAAAACTTTCAACAACGGATCTCTTGGTTCCG,Eukaryota--100--Domain;Heterokontophyta--100--Kingdom;Stramenopiles--100--Phylum;Oomycetes--100--Class;Peronosporales--81--Order;Peronosporaceae--77--Family;Peronospora--52--Genus;Peronospora_tabacina--12--Species,41.8326693227092,0,0,10,89
AAGTCGTAACAAGGTTTCCGTAGGTGAACCTGCGGAAGGATCATTAAAGAATGCCCCGTTTTTTGAAATGGGTTCTATTCCCAAACCGTGTATACATACCTTTGTTGCTTTGGCAGGCCGCCTTCTAGGCGTTGGCTCCGGCTAACTGCGCCTGCCAGAGGACCCAAACTCGTTTGTTTAGTGATGTCTGAGTACTATATAATAGTTAAAACTTTCAACAACGGATCTCTTGGTTCTG,Eukaryota--100--Domain;Heterokontophyta--100--Kingdom;Stramenopiles--100--Phylum;Oomycetes--100--Class;Peronosporales--78--Order;Peronosporaceae--78--Family;Peronospora--64--Genus;Peronospora_tabacina--22--Species,48.1171548117155,0,0,97,0
AGTCGTAACAAGGTTTCCGTAGGTGAACCTGCGGAAGGATCATTGTCGAAACCTGCCAACAAGCAGAAAACTTGCGAACTTGTCTAATACAGTGGGGAATGCGTGGGTTGGGGCCTCGTTATCTTTCCTTCCGCTTTCCCCTCGCGAGTAGATGTTCGCGGAGCTTTCGGGCAACGTGTTCATTTACTTGTCAAACAACGAACCCCGGCGCAAAACGCGCCAAGGATAATTGAACAAAGTTTGTGCACGTCCCCTGCCCGTTTCCGGGTGGTGTTGGCGTGCACATCTTTCGAATAACTAAACGACTCTCGGCAACGGATATCTCGGCTCTT,Eukaryota--100--Domain;Heterokontophyta--100--Kingdom;Stramenopiles--100--Phylum;Oomycetes--100--Class;Peronosporales--57--Order;Peronosporaceae--56--Family;Peronospora--44--Genus;Peronospora_tabacina--13--Species,44.574780058651,0,0,26,66
AAGTCGTAACAAGGTTTCCGTAGGTGAACCTGCGGAAGGATCATTACAGTGTTCCCTGCCCTTCGGGGTAGGATCGCCACCCTTGATTATTTATGAGTGTTGCTTTGGCGGGCCTCGCGGCCTGGCCGCGCCCCGGCTTCGGCGGGGGAGCGCCCGCCAGAGGATTCTACAAACCTGATTATTAGTGTCGTCTGAGTACTATATAATAGTTAAAACTTTCAACAACGGATCTCTTGGTTCTG,Eukaryota--100--Domain;Heterokontophyta--100--Kingdom;Stramenopiles--100--Phylum;Oomycetes--100--Class;Peronosporales--71--Order;Peronosporaceae--70--Family;Peronospora--64--Genus;Peronospora_tabacina--36--Species,41.8032786885246,0,0,21,66
AAGTCGTAACAAGGTTTCCGTAGGTGAACCTGCGGAAGGATCATTAATGAATATAGGACGTTTGCTCGTAAAACAGCAAGGTCCGACCTCCATTTTCTTACACTGTGCATTTATTGGCGAGATTATTGAAGAAGCTTGCTTTTTCGATCGTCTTGCGGCTCATTTATTAACACCAGTCAAAGTATGTAACGAAATATCGAAATAAAATAAAACTTTCAACAACGGATCTCTTGGCTCTC,Eukaryota--100--Domain;Heterokontophyta--100--Kingdom;Stramenopiles--100--Phylum;Oomycetes--100--Class;Pythiales--18--Order;Pythiaceae--18--Family;Plasmopara--9--Genus;Plasmopara_obducens--9--Species,46.8879668049792,0,0,3,79
AAGTCGTAACAAGGTTTCCGTAGGTGAACCTGCGGAAGGATCATTATCGTAGGGCTTCGGTCCTGTCGAGATAGCGTCCTTGCCTATTTTTTGGAGTACCTTTTCGTTTCCTCGGCAGGCTTGCCTGCCACTGGGGACCCTTTAAACTCTTTGTAAATACAGCATCTGTCTGAATAAACAAACAAAAATCAAAACTTTCAACAATGGATCTCTTGGTTCTG,Eukaryota--100--Domain;Heterokontophyta--100--Kingdom;Stramenopiles--100--Phylum;Oomycetes--100--Class;Peronosporales--71--Order;Peronosporaceae--71--Family;Peronospora--38--Genus;Peronospora_tabacina--24--Species,48.8888888888889,0,0,0,80
AAGTCGTAACAAGGTCTCCGTTGGTGAACCAGCGGAGGGATCATTACAGAGTTTAACGACTCCCAAACCACTGTGAACATACCCGTACCGTTGCCTCGGCGGGCGGCCCCAGGGCGGGGCCGCAGCCTCCCCAGCGGAGGCGCCCGCCGCAGGTCGCAAAACTATAACTATATTTAGTGGCATCTCTGAGTAACTTCCAAACAATCAAAACTTTCAACAACGGATCTCTTGGTTCTG,Eukaryota--100--Domain;Heterokontophyta--100--Kingdom;Stramenopiles--100--Phylum;Oomycetes--100--Class;Peronosporales--61--Order;Peronosporaceae--61--Family;Peronospora--49--Genus;Peronospora_centranthi--8--Species,45.7142857142857,0,0,28,51
AAGTCGTAACAAGGTTTCCGTAGGTGAACCTGCGGAAGGATCATTACAGAGAACATCGCCCTCACGGGTGACTCTCCAACCCTTTGTTATTATACCTTTGTTGCTTTGGCGAGCCGCCTCGGCCACCGGCTCACGCTGGTGAGTGCTCGCCAGAGGACCCCAAACTCTGAATATTAGTGTCGTCCGAGTATTATATAATAGTTAAAACTTTCAACAACGGATCTCTTGGTTCTG,Eukaryota--100--Domain;Heterokontophyta--100--Kingdom;Stramenopiles--100--Phylum;Oomycetes--100--Class;Peronosporales--77--Order;Peronosporaceae--77--Family;Peronospora--49--Genus;Peronospora_tabacina--32--Species,47.2340425531915,0,0,19,60
AAGTCGTAACAAGGTTTCCGTAGGTGAACCTGCGGAAGGATCATTAATGAAATACAAGTCGGCGGATTGTGCTGGCGCGCAAGCGTATGTGCACGTCTGTTGCAAATCCACACACCTGTGCACCTTAGACTCTGAGTGAGCTTTCGTAATCGATTGCACCTCGGAGTATTTTACACACGCTGAATGTAAAAGGATGTTGTAGTGCCTAGCACAAAAAAACTTACAACTTTCAACAACGGATCTCTTGGCTCTC,Eukaryota--100--Domain;Heterokontophyta--100--Kingdom;Stramenopiles--100--Phylum;Oomycetes--100--Class;Peronosporales--75--Order;Peronosporaceae--75--Family;Peronospora--62--Genus;Peronospora_tabacina--18--Species,46.484375,0,0,0,79
AAGTCGTAACAAGGTTTCCGTAGGTGAACCTGCGGAAGGATCATTAACATGTTGGAGTGGCCTCCGGGCCCGTCCTCCATAAACCCACCTCTGTGTACCTTCTCCTGTTGCTTCCGCGGGCCCCTCTGGGTTCGCCCAGGGACGCCGGCGAGGAGGCCTCTCTCCTCCCCTTAGTCGGGGTTTGGCCGGCCCTCAAAGGCGGAGCGTCCGCGGAAGGTAATCAAACGAAACTCTTTTGCAATAGATAGCATCTGTCTGAATTGATAAATATAAAAGTTAAAACTTTCAACAACGGATCTCTTGGTTCTC,Eukaryota--100--Domain;Heterokontophyta--100--Kingdom;Stramenopiles--100--Phylum;Oomycetes--100--Class;Peronosporales--95--Order;Peronosporaceae--95--Family;Peronospora--79--Genus;Peronospora_tabacina--56--Species,44.5141065830721,0,0,0,70
AAGTCGTAACAAGGTTTCCGTAGGTGAACCTGCGGAAGGATCATTACAGAGCTTCGAAGCCTGGAGGGTTTACTCTTCAGGCGAGAACTCCACCCTTTGTTTACATTACCTTTGTTGCTTTAGCAGGCCCGCTTTCGGGCCGCCGGCAATAGCTGGTCAGTGCCTGCTAGAGGACCTAAAACTCATGTTAATAAAGTTGTCTGAGTACTATATAATAGTTAAAACTTTCAACAACGGATCTCTTGGTTCTG,Eukaryota--100--Domain;Heterokontophyta--100--Kingdom;Stramenopiles--100--Phylum;Oomycetes--100--Class;Peronosporales--60--Order;Peronosporaceae--60--Family;Peronospora--31--Genus;Peronospora_tabacina--7--Species,47.6377952755905,0,0,0,70
AAGTCGTAACAAGGTTTCCGTAGGTGAACCTGCGGAAGGATCATTCATAATAAAGTGTTTTATGGCACTTTTTAAAAAAAATCCATATCCACCTTGTGTGCAATGTATTTTAGATCTCGCCAAATTATTTTTTGATAATTTGGCAAGGTTTTATTATATTACATCAACTCTTTTTTAATATGATTTGTCTGAAAAATATTATGAATTGTCAACTTAATTCAAAATACAACTTTCAACAACGGATCTCTTGGCTCTC,Eukaryota--100--Domain;Heterokontophyta--100--Kingdom;Stramenopiles--100--Phylum;Oomycetes--100--Class;Peronosporales--84--Order;Peronosporaceae--84--Family;Peronospora--71--Genus;Peronospora_tabacina--47--Species,55.1724137931034,0,0,0,70
AAGTCGTAACAAGGTAACCGTAGGTGAACCTGCGGTTGGATCATTAAAAAATTCCAACTAAAAGTTAGCTAGCCTTTATAGGCTGCTAATCTTTTAAACCCTTGTGAACTGTTTATTGTCTATGGTGGGTTAAAAGATCTCTATCTTTCTCTTGTAGTTAGTAAAGATTGGCTTTAACCAGCTACCCACCTATTTATTAAACACCTTAAATATTTTTAGTCTTTAACAATTCTATTTTGAATTCTTTGAATTTAAAAACAACTTTTGACAACGGATCTCTTGGTTCTC,Eukaryota--100--Domain;Heterokontophyta--100--Kingdom;Stramenopiles--100--Phylum;Oomycetes--100--Class;Peronosporales--82--Order;Peronosporaceae--81--Family;Peronospora--70--Genus;Peronospora_tabacina--50--Species,52.233676975945,0,0,10,58
AAGTCGTAACAAGGTTACCTTCTGCAGCTAAGCACGGAGACCTTGCACAGGACTATAAACAGTGCAAGTTGGTCTTCGGACCAGCAACACAATCGAATTGCGGGGACGTCTTAAAGCCTGTTGCACCTCCCGTCAGCGAAAGCTGGTGGCACGGTAAGAGCCTACAGGATATACAATAGACCATCCGCAGCGAAGACCCTAAAGCCTCTCCGGCCACGGGTATCGTTCACAGACTAGGTGATTGTGGGAGGGTTACCCTTCTAAGATATAGTCGGTTACAGTGGGAAACTTCTGTATTTATAGCGTCCGTAGGTGAACCTGCGGAAGGATCATTAAAAATGAAGCCGGGAAACCGGTCCTTCTAACCCTTGATTATCTTAATTTGTTGCTTTGGTGGGCCGCGCAAGCACCGGCTTCGGCTGGCTCGTGCCCGCCAGAGGACCACAACTCTGTATCAAATGTCGTCTGAGTACTATATAATAGTTAAAACTTTCAACAACGGATCTCTTGGTTCTG,Eukaryota--100--Domain;Heterokontophyta--100--Kingdom;Stramenopiles--100--Phylum;Oomycetes--100--Class;Peronosporales--76--Order;Peronosporaceae--76--Family;Peronospora--65--Genus;Peronospora_tabacina--32--Species,45.7364341085271,0,0,0,68
AAGTCGTAACAAGGTTTCCGTAGGTGAACCTGCGGAAGGATCATTAACGAATTACAAAGTCGGCCTTGCTGTTGCTGGTGGAAACACATGTGCACGCTCGGTCGCAAATCCACACACCTGTGCATCTATGACTCGAGGTTGTCGTCGCATGACCGAGAGTAACTTTTACACACTCTTGAATGTAATGGAATGTCTACTGTGCATAATGTACAATTAAACAACTTTCAACAACGGATCTCTTGGCTCTC,Eukaryota--100--Domain;Heterokontophyta--100--Kingdom;Stramenopiles--100--Phylum;Oomycetes--100--Class;Pythiales--8--Order;Pythiaceae--8--Family;Plasmopara--8--Genus;Plasmopara_obducens--8--Species,47.808764940239,0,0,67,0
AAGTCGTAACAAGGTTTCCGTAGGTGAACCTGCGGAAGGATCATTACAGAGTTCATGCCCTTCGGGGTAGACCTCCCACCCTTGTGTATTTATACCTTTGTTGCTTTGGTAGGCCGTTGGGCTTCGGCCTGGCTACTGGCTCCGGCTAGTGAGTGCCTACCAGAGGATACCAAAACTCTGAATGTTAGTGTCGTCTGAGTACTATATAATAGTTAAAACTTTCAACAACGGATCTCTTGGTTCTG,Eukaryota--100--Domain;Heterokontophyta--100--Kingdom;Stramenopiles--100--Phylum;Oomycetes--100--Class;Saprolegniales--11--Order;Saprolegniaceae--7--Family;Achlya--6--Genus;Achlya_hypogyna--6--Species,47.0119521912351,0,0,0,67
AAGTCGTAACAAGGTTTCCGTAGGTGAACCTGCGGAAGGATCATTACTAGAGCAAAGGACAGGCAGCGCCCCACAGAAGCTTGCTTCGTGGCGGGGCTACCCTACTTCGGTAGGGTTTAGAGCCGTCGACCCTCTCGGAGAAGGTCGGTCCTGAACTCCACCCTTGAATAAACTACCTTTGTTGCTTTGGCGGGCCGCCTCGCGCCAGCGGCTTCGGCTGTTGAGTGCCCGCCAGAGGACCACAACTCTTGTTTTTAGTGATGTCTGAGTACTATATAATAGTTAAAACTTTCAACAACGGATCTCTTGGTTCTG,Eukaryota--100--Domain;Heterokontophyta--100--Kingdom;Stramenopiles--100--Phylum;Oomycetes--100--Class;Peronosporales--74--Order;Peronosporaceae--72--Family;Peronospora--43--Genus;Peronospora_symphyti--20--Species,43.7699680511182,0,0,0,66
AAGTCGTAACAAGGTTTCCGTAGGTGAACCTGCGGAAGGATCATTACTGGGTAAAGGCTTTTCGCCTCCAACCCCACCCTCTGTAACTGCGGCCCGGATTCGGCGCCTGGCGGGAAACCCCTCTGTTCGCGGAGGCTCCTCGCCTGCCGGAATCAGCCAACACTGTCTCAAAAATTGAAGTCTGAGAACAAGTTTAAAACCAAACAAAACTTTCAACAACGGATCTCTTGGTTCTG,Eukaryota--100--Domain;Heterokontophyta--100--Kingdom;Stramenopiles--100--Phylum;Oomycetes--100--Class;Lagenidiales--11--Order;Lagenidiaceae--11--Family;Lagenidium--10--Genus;Lagenidium_sp.sinuatum--10--Species,46.1864406779661,0,0,0,60
AAGTCGTAACAAGGTCTCCGTTGGTGAACCAGCGGAGGGATCATTACAGAGTTCTAAAAAGACTCCCAAACCATTGTGAACATACCCGTCAGCGTTGCTTCGGCGGGCGTCCCCTCCCTGGGGACGCTGCCCTTCGGGGTGCCCGCCGGTGGCTTACGAAACTCTTTTGTATTTTAGTGGCCTCTCTGAGAAAACAAACAAATAAGTTAAAACTTTCAACAACGGATCTCTTGGTTCTG,Eukaryota--100--Domain;Heterokontophyta--100--Kingdom;Stramenopiles--100--Phylum;Oomycetes--100--Class;Peronosporales--70--Order;Peronosporaceae--68--Family;Peronospora--44--Genus;Peronospora_violacea--7--Species,45.2282157676349,0,0,59,0
AAGTCGTAACAAGGTTTCCGTAGGTGAACCTGCGGAAGGATCATTATAGTATATCTATATCTAGGATGTGGGGTGCTCTCGGGCCCCCCCGCCGCCAAACCTTGCAAATTTGAACTTAATAGTTACCTTGGTAGGCTTAACTGCCTGTGGATAAATCTAAATTCTTTAATAAACTGGCTGTAATTAATGTAACTGTCTGAAATAATGTTAATATTAAAACTTTCAACAACGGATCTCTTGGTTCTG,Eukaryota--100--Domain;Heterokontophyta--100--Kingdom;Stramenopiles--100--Phylum;Oomycetes--100--Class;Peronosporales--86--Order;Peronosporaceae--85--Family;Peronospora--67--Genus;Peronospora_tabacina--49--Species,47.3895582329317,0,0,44,15
AAGTCGTAACAAGGTTACCTTCTGCAGCTAAGCACGGAGACCTTGCACAGGACTATAAACAGTGCAAGTTGGTCTTCGGACCAGCAACACAATCGAATTGCGGGGACGTCTTAAAGCCTGTAGCACCTCCCGTCAGCGAAAGCTGGTGGCACGGTAAGAGCCTACAGGATATACAATAGACCATCCGCAGCGAAGACCCTAAAGCCTCTTCGGCCACGGGTATCGTTCACAGACTAGGTGATTGTGGGAGGGTTACCCTTCTAAGATATAGTCGGTTACAGTGGGAAACTTCTGTATTTATAGCGTCCGTAGGTGAACCTGCGGAAGGATCATTAAAAATGAAGCCGGGAAACCGGTCCTTCTAACCCTTGATTATCTTAATTTGTTGCTTTGGTGGGCCGCGCAAGCACCGGCTTCGGCTGGCTCGTGCCCGCCAGAGGACCACAACTCTGTATCAAATGTCGTCTGAGTACTATATAATAGTTAAAACTTTCAACAACGGATCTCTTGGTTCTG,Eukaryota--100--Domain;Heterokontophyta--100--Kingdom;Stramenopiles--100--Phylum;Oomycetes--100--Class;Peronosporales--73--Order;Peronosporaceae--73--Family;Peronospora--60--Genus;Peronospora_tabacina--27--Species,45.9302325581395,0,0,0,56
AAGTCGTAACAAGGTTTCCGTAGGTGAACCTGCGGAAGGATCATTAACATGTTGGAGCGGCCTTCGGGCCCGTCCTCCATAAACCCACCTCTGTGTACCTTTTCCTGTTGCTTCCGCTGGGTCATCCGTGTGCTCGCACCCGGTACGTCCGGCGAGGAGAAGGCCCCCCCTCTCCGGAGGAGTGGCTGGACCTTCGCCCGGTCGGAGCGCCCCGCGGGAGGTAAGCGAATTGAAACTCTTTTGCAATACATAGCTTCTGTCTGAAATGATAAAAATAAAAGTTAAAACTTTCAACAACGGATCTCTTGGTTCTC,Eukaryota--100--Domain;Heterokontophyta--100--Kingdom;Stramenopiles--100--Phylum;Oomycetes--100--Class;Peronosporales--98--Order;Peronosporaceae--98--Family;Peronospora--84--Genus;Peronospora_tabacina--48--Species,42.5925925925926,0,0,0,56
AAGTCGTAACAAGGTTTCCGTAGGTGAACCTGCGGAAGGATCATTAATAATAGCGGGTCCTCTCGAATTATAGGATGTCTGAACCCTTGAATACTTAACTTTGTTGCTTTGGTGGGCCGCCCTCGGGCGTTGGCCATGGCTGACTGTGCCTGCCAGAGGACCACAACTCTTTGTTTTATGATGTCTGAGTACTATAAAATATTTAAAACTTTCAACAACGGATCTCTTGGTTCTG,Eukaryota--100--Domain;Heterokontophyta--100--Kingdom;Stramenopiles--100--Phylum;Oomycetes--100--Class;Peronosporales--81--Order;Peronosporaceae--81--Family;Peronospora--60--Genus;Peronospora_tabacina--29--Species,48.5355648535565,0,0,55,0
AAGTCGTAACAAGGTTTCCGTAGGTGAACCTGCGGAAGGATCATTACAAGTGAGGCTACCGAACGTTGGAAACAGCGGTTAGGAGCTTACACCCACCCGTGTTTACATACTATTGTTGCTTTGGCGGGCCGTGGCCTCCACTGCGGGCTCTGCTCGTGTGTGCCCGCCAGAGGACCAAACTCTGAATGTTAGTGATGTCTGAGTACTATCTAATAGTTAAAACTTTCAACAACGGATCTCTTGGTTCTG,Eukaryota--100--Domain;Heterokontophyta--100--Kingdom;Stramenopiles--100--Phylum;Oomycetes--100--Class;Saprolegniales--6--Order;Saprolegniaceae--5--Family;Achlya--5--Genus;Achlya_hypogyna--5--Species,47.0817120622568,0,0,0,51
AAGTCGTAACAAGGTTTCCGTAGGTGAACCTGCGGAAGGATCATTAATGAAATGCAAGGACGCTCTCTTTAGAGGTCCAACCAATTCATTTTCTTACACTGTGCACAATACTACTTTCACACACATTTTTTTAACACCAAAGTTGTAAGAATGTAGCAGTCTCTTAAATGAGCATAACAATTATAAACTTTCGGCAACGGATCTCTTGGCTCCC,Eukaryota--100--Domain;Heterokontophyta--100--Kingdom;Stramenopiles--100--Phylum;Oomycetes--100--Class;Peronosporales--78--Order;Peronosporaceae--78--Family;Peronospora--67--Genus;Peronospora_tabacina--40--Species,52.2727272727273,0,0,0,47
GAAAATCTTTGTGTCGGTGGTTCAAGTCCGCCTCCAAACATATTATTTAAAATATTCTTTATGTATACTTTACGAATAAGTTTTAAATCAATTAAAAAAATAAATGAATTAAATACAAATATATCAAAAATAAAAAAAATATATAATTTTAAAAATATAAAAATAAAAGGTATTTTTAAAAATAAAAATAAAAATAAAATTTTTACATTATTAAAATCACCACATGTTAATAAAAAATCACGTGAACAATTTATATATAGAAATTTTGTTCAAAAAATAGATTTAGAATTTATTAATATTTTTAAATTATTAAATTTTTTAATAATTTTAAAAAAAAAATTATCAAAAAATTTAATAATTAATGTAAAAATAATAAAAAAAAATAAAAAAATATGCTTATAGCTTAATGGATAAAGCGTTAGATTGCGGATCTATAAAATGAA,Eukaryota--100--Domain;Heterokontophyta--100--Kingdom;Stramenopiles--100--Phylum;Oomycetes--100--Class;Pythiales--97--Order;Pythiaceae--97--Family;Pythium--97--Genus;Pythium_apleroticum--16--Species,90.3370786516854,39,0,0,0
AAGTCGTAACAAGGTCTCCGTTGGTGAACCAGCGGAGGGATCATTACAGGGTCTAACGACGCCCAAACCAAACCGTGAACTATTCCACAAACCTATGCTCCGGCGGGCCGCTCGCTGGGGGAGCCCCGGGCCGCTTTGTCGGTGGTCCGCCGGAAGCATGCAAACCAAAATAATGCTCTGAGAACTGCTCTAAGAAAATTCTTTTTCTAAACGAAAATAAATCACAACTCATAACAATGGATCTCTTGGCTCTG,Eukaryota--100--Domain;Heterokontophyta--100--Kingdom;Stramenopiles--100--Phylum;Oomycetes--100--Class;Peronosporales--84--Order;Peronosporaceae--84--Family;Phytophthora--18--Genus;Phytophthora_brassicae--12--Species,43.1372549019608,0,0,0,39
AAGTCGTAACAAGGTCTCCGTTGGTGAACCAGCGGAGGGATCATTATAGAGTTTTCTAAACTCCCAACCCATGTGAACTTACCTTTTGTTGCCTCGGCAGAAGTTATAGGTCTTCTTATAGCTGCTGCCGGTGGACCATTAAACTCTTGTTATTTTATGTAATCTGAGCGTCTTATTTTAATAAGTCAAAACTTTCAACAACGGATCTCTTGGTTCTG,Eukaryota--100--Domain;Heterokontophyta--100--Kingdom;Stramenopiles--100--Phylum;Oomycetes--100--Class;Peronosporales--76--Order;Peronosporaceae--76--Family;Peronospora--57--Genus;Peronospora_tabacina--28--Species,48.1818181818182,0,0,7,31
AAGTCGTAACAAGGTTTCCGTAGGTGAACCTGCGGAAGGATCATTACAGAGAACCTCGCCCTTCTGGGTGAATCTCCAACCCTATGCTATACTACTTTGTTGCTTTGGCGAGCCGCTTAGGCCACCGGCTTACGCTGGTGAGTGCTCGCCAGAGAACCCTAAACTCTAAGTTATTAGTGTCGTCTGAGTACTATAAAATAGTTAAAACTTTCAACAACGGATCTCTTGGTTCTG,Eukaryota--100--Domain;Heterokontophyta--100--Kingdom;Stramenopiles--100--Phylum;Oomycetes--100--Class;Peronosporales--69--Order;Peronosporaceae--69--Family;Peronospora--52--Genus;Peronospora_tabacina--34--Species,50.8403361344538,0,0,8,30
AAGTCGTAACAAGGTTTCCGTAGGTGAACCTGCGGAAGGATCATTAATGGGTTAACGCCTTCGGGCACAATCCCCACCCTTTGTAACCGCGGCCCGGATTCGGCGCCTGGCGGGGAGCCCCCTCTGCTCGCGGAGGGCCCCGCCTGCCGGAATTAGCCAACCCTGCCTAGAAAATTGAAGTCTGAGAACAAGTTAAATTAAACAAAACTTTCAACAACGGATCTCTTGGTTCTG,Eukaryota--100--Domain;Heterokontophyta--100--Kingdom;Stramenopiles--100--Phylum;Oomycetes--100--Class;Peronosporales--82--Order;Peronosporaceae--82--Family;Peronospora--53--Genus;Peronospora_tabacina--14--Species,43.1623931623932,0,0,0,36
AAGTCGTAACAAGGTTTCCGTAGGTGAACCTGCGGAAGGATCATTACAGAGTTCATGCCCTTGCGGGTAGATCTCCCACCCTTGAATATATACCTTTGTTGCTTTGGCGGGCCACGTCCGCGTGTCGGCTTCGGCTGGCTGCGCCCGCCAGAGAACCCAAACTCGTTTTGTTTAGTGATGTCCGAGTACTATATAATAGTTAAAACTTTCAACAACGGATCTCTTGGTTCTG,Eukaryota--100--Domain;Heterokontophyta--100--Kingdom;Stramenopiles--100--Phylum;Oomycetes--100--Class;Saprolegniales--22--Order;Saprolegniaceae--20--Family;Achlya--15--Genus;Achlya_hypogyna--15--Species,45.1063829787234,0,0,33,0
AAAAAGTCGTAACAAGGTTTCCGTAGGTGAACCTGCGGAAGGATCATTACTAGAGCAAAGGATAGACGGCCCTGCTTCGGTAGGGTTGTCGTCGAGCCTCTCGAAGAAGCTCGGTCCTGAACTCCACCCTTGAATAAATTACCTTTGTTGCTTTGGCGGGCCGCCTCGCGCCAGCGGCTTCGGCTGTTGAGTGCCCGCCAGAGGACCACAACTCTTGTTTTTAGTGATGTCTGAGTACTATATAATAGTTAAAACTTTCAACAACGGATCTCTTGGTTCTG,Eukaryota--100--Domain;Heterokontophyta--100--Kingdom;Stramenopiles--100--Phylum;Oomycetes--100--Class;Peronosporales--69--Order;Peronosporaceae--68--Family;Peronospora--41--Genus;Peronospora_trifolii_repentis--1--Species,47.1830985915493,0,0,32,0
AAGTCGTAACAAGGTCTCCGTTGGTGAACCAGCGGAGGGATCATTATTAGGGCTTCAAAACCCCCATAAACCCACTGTGAATCTACCTGTTTTGTTGCTTTGGCAGGCGGCCCCAGGGCGGGGCTATGGCCTGTTACAGGTGCCTGCCGAGCAAACTAAAAAAAAAATCGCTATATTTTAACGTCTGAGAAACATTTAAAAATAAGTCAAAACTTCCAATTGCGGATCTCTTGGTTCTG,Eukaryota--100--Domain;Heterokontophyta--100--Kingdom;Stramenopiles--100--Phylum;Oomycetes--100--Class;Pythiales--62--Order;Pythiaceae--62--Family;Pythium--35--Genus;Pythium_contiguanum--21--Species,46.0580912863071,0,0,32,0
AAGTCGTAACAAGGTTTCCGTAGGTGAACCTGCGGAAGGATCATTAACGAAATATTTCCGACATTCGTGTCGGAATAAATCATCTTACACCTGTGAAAATACGAATCTTTGCTTTGGCTTGGGTGAAAACTCGAGCCAAAAGATCAAAACCTTACAATTTTAACCTGAGTCTGAGAAAGAAAAGAATAAATTATTCAAAACTTTCAGCAACGGATCTCTTGGTTCTC,Eukaryota--100--Domain;Heterokontophyta--100--Kingdom;Stramenopiles--100--Phylum;Oomycetes--100--Class;Peronosporales--79--Order;Peronosporaceae--79--Family;Peronosclerospora--12--Genus;Peronosclerospora_sorghi--6--Species,50.8695652173913,0,0,0,30
AAGTCGTAACAAGGTTTCCGTAGGTGAACCTGCGGAAGGATCATTACCTAGAGTTTGTGGGCTTTGCCTGCTATCTCTTACCCATGTCTTTTGAGTACTTACGTTTCCTCGGTGGGTTCGCCCGCCGATTGGACAATTTAAACCCTTTGCAGTTGCAATCAGCGTCTGAAAAACATAATAGTTACAACTTTCAACAACGGATCTCTTGGTTCTG,Eukaryota--100--Domain;Heterokontophyta--100--Kingdom;Stramenopiles--100--Phylum;Oomycetes--100--Class;Peronosporales--76--Order;Peronosporaceae--76--Family;Peronospora--64--Genus;Peronospora_sp.--10--Species,49.3273542600897,0,0,0,30
AAGTCGTAACAAGGTTTCCGTAGGTGAACCTGCGGAAGGATCATTCATAATAAGTGTTTTATGGCACTTTTTAAATCCATATCCACCTTGTGTGCAATGTCAGTCGATCTTCTTCATGGAGATCGACCAAACATCAACCTTTATTTTTTAACTCTTTGTCTGAAAAATATTATGAATAAACAATTCAAAATACAACTTTCAACAACGGATCTCTTGGCTCTC,Eukaryota--100--Domain;Heterokontophyta--100--Kingdom;Stramenopiles--100--Phylum;Oomycetes--100--Class;Peronosporales--66--Order;Peronosporaceae--66--Family;Peronospora--47--Genus;Peronospora_tabacina--22--Species,52.212389380531,0,0,5,24
AAGTCGTAACAAGGTCTCCGTAGGTGAACCTGCGGAGGGATCATTACAGAGAACATCGCCCTCACGGGTGACTCTCCAACCCTATGTTATTAACACCTTTGTTGCTTTGGCGAGCCGCTTCGGCCACCGGCTTCTTGCTGGTGTGCGCTCGCCAGAGGACCACAAACTCTGTTTATTAAATGTCGTCTGAGTACTATATAATAGTTAAAACTTTCAACAACGGATCTCTTGGTTCTG,Eukaryota--100--Domain;Heterokontophyta--100--Kingdom;Stramenopiles--100--Phylum;Oomycetes--100--Class;Saprolegniales--11--Order;Saprolegniaceae--11--Family;Achlya--9--Genus;Achlya_hypogyna--9--Species,48.5943775100402,0,0,0,29
AAGTCGTAACAAGGTTTCCGTAGGTGAACCTGCGGAAGGATCATTATCACGTAATAATCCGTAAAACCATTGTGAATCGTTTTTAAAAAACACTCGGAGCGAGTCGTCGAGACTAGAACTATAGCGAAGTTAATTCAGCGCCGACCTTGTAATTTGGGGTTGTCGTAGTTCTAGAGGAGACTAACTCTGAGGTGTAAAATCAAATTACTAATTCTAAAACCATTTGAACCCCTTTTAAACTTTTGAACTAACGTTATCATACTCCCGTAAAACGGAGATGATATTCATTACGAAACAAAGAACAACTCTTAGCAACGGATATCTTGGTTCTC,Eukaryota--100--Domain;Heterokontophyta--100--Kingdom;Stramenopiles--100--Phylum;Oomycetes--100--Class;Peronosporales--72--Order;Peronosporaceae--69--Family;Peronospora--61--Genus;Peronospora_tabacina--43--Species,50.8823529411765,0,0,12,16
AAGTCGTAACAAGGTTTCCGTAGGTGAACCTGCGGAAGGATCATTAAATGGTATCATAGACTGCATATGCAAAGTATGTCAATCTATTACTATAAACCATCCTGAGTACCTTTTTCCATGTTGCTTCCGCGAGGCAGTCACTTTGGTGGCCGTTTGCTCCGGACCCCCATCCCTTTCACAGGTTTGGGAGACCCCGGGTGTGGGCGAGTTTCCTCGCGAAAGGTTTACCACAAATCAATTTATATACTTATTTTGTGTAAAATGTCTGAACAGAATTTTTTACAAAATTTTAAAAACTTTCAACAACGGATCTCTTGGTTCTC,Eukaryota--100--Domain;Heterokontophyta--100--Kingdom;Stramenopiles--100--Phylum;Oomycetes--100--Class;Peronosporales--66--Order;Peronosporaceae--66--Family;Peronospora--49--Genus;Peronospora_tabacina--26--Species,52.4495677233429,0,0,0,25
AAGTCGTAACAAGGTTTCCGTAGGTGAACCTGCGGAAGGATCATTAAAGAATGCCCCGTTTTTTGAAATGGGTTCTATTCCCAAACCGTGTATACATACCTTTGTTGCTTTGGCAGGCCGCCGTTTAGGCGTTGGCTCCGGCTAACTGCGCCTGCCAGAGGACCCAAACTCGTTTGTTTAGTGATGTCTGAGTACTATATAATAGTTAAAACTTTCAACAACGGATCTCTTGGTTCTG,Eukaryota--100--Domain;Heterokontophyta--100--Kingdom;Stramenopiles--100--Phylum;Oomycetes--100--Class;Peronosporales--81--Order;Peronosporaceae--81--Family;Peronospora--64--Genus;Peronospora_tabacina--37--Species,48.1171548117155,0,0,24,0
AAGTCGTAACAAGGTCTCCGTTGGTGAACCAGCGGAGGGATCATTACAGGGTCTGACGACTGCCCAAACCACACCGTGCACTCTTTTTATTACTATGCTTCGGCGGGTCGCTCGCTGGGGGAGCCTACCGGCCGCGGAAACGCGGTGGCCTGCCGAGGCATGCCCCAAACCATGAAAACAACTTTCTGAATATCATCTACTCCGAACGGAGAAGAAATAAGTCACAACTCATAACAATGGATCTCTTGGTTCTG,Eukaryota--100--Domain;Heterokontophyta--100--Kingdom;Stramenopiles--100--Phylum;Oomycetes--100--Class;Peronosporales--58--Order;Peronosporaceae--58--Family;Peronospora--50--Genus;Peronospora_corollae--5--Species,41.796875,0,0,6,17
AAGTCGTAACAAGGTCTCCGTTGGTGAACCAGCGGAGGGATCATTACCGGATCGTCGAAAGACGTCCCCTAAACCTTTGTGAACCTACCTACGTCGTGCTTCGGCAGGCCGCCTCCCCGGCCCGCCCTGGGAGCTCCCGCTCGCGGGAGCCTGCCGAAGTGCCTACACAAAACTCTGTAACTTTGTGACACTTCAGAGAAGAAAACGAATCGTAACAACTTTCAACAATGGATCTCTTGGTTCTG,Eukaryota--100--Domain;Heterokontophyta--100--Kingdom;Stramenopiles--100--Phylum;Oomycetes--100--Class;Peronosporales--63--Order;Peronosporaceae--63--Family;Peronospora--43--Genus;Peronospora_centranthi--12--Species,43.3734939759036,0,0,23,0
AAGTCGTAACAAGGTTTCCGTAGGTGAACCTGCGGAAGGATCATTACAGAGTTCATGCCCTCACGGGTAGATCTCCCACCCTTGAATATTATACCTTCGTTGCTTTGGTAGGCCGTGGAAACACCACGGGCCCCGGCTTGTGCGTGCCTGCCAGAGGAAACCTAAACTCTGTTTTTAGTGATGTCTGAGTACTATATAATAGTTAAAACTTTCAACAACGGATCTCTTGGTTCTG,Eukaryota--100--Domain;Heterokontophyta--100--Kingdom;Stramenopiles--100--Phylum;Oomycetes--100--Class;Peronosporales--68--Order;Peronosporaceae--65--Family;Peronospora--38--Genus;Peronospora_tabacina--11--Species,48.9451476793249,0,0,0,23
AAGTCGTAACAAGGTTTCCGTAGGTGAACCTGCGGAAGGATCATTACTGAGAAAAGAGGCCTCCGGGTCTCCCTCATTAATACCCTGCCTTCCAACAAAGTCCCCAAGGGGACATTAAATTTTATGTTGGGAGGGTCTGGAAGGACTCTCCGACCCCTATAAACTCTGAATGTTTGTGCAGTCTGAGTACATATTCTAATATATGAAAACTTTCAACAACGGATCTCTTGGTTCCC,Eukaryota--100--Domain;Heterokontophyta--100--Kingdom;Stramenopiles--100--Phylum;Oomycetes--100--Class;Peronosporales--70--Order;Peronosporaceae--69--Family;Peronospora--50--Genus;Peronospora_tabacina--9--Species,47.4789915966387,0,0,0,23
AAGTCGTAACAAGGTCTCCGTTGGTGAACCAGCGGAGGGATCATTACAGAGTTGCAAAACTCCCAAACCATTGTGAACGTTACCTATCCCGTTGCTTCGGCGGGCGGCCCGGGCCCCGTGCCCGGCGCCCCCCGGCCCCTCGCGGGCGCCCGCCGGAGGTAAACCAAACTCTTGAATTGTATGGCCTCTCTGAGTCTTCTGTACTGAATAAGTCAAAACTTTCAACAACGGATCTCTTGGTTCTG,Eukaryota--100--Domain;Heterokontophyta--100--Kingdom;Stramenopiles--100--Phylum;Oomycetes--100--Class;Peronosporales--66--Order;Peronosporaceae--65--Family;Peronospora--43--Genus;Peronospora_centranthi--12--Species,45.9459459459459,0,0,0,22
AAGTCGTAACAAGGTTTCCGTAGGTGAACCTGCGGAAGGATCATTAACAAAAGAGTTTGGGATGGTGATGCGAAAGCGTCGTCCATCTCACAAGAGCCCCGAGCTGGGTCCGCCCGGCTCTGGTTGCTGATGCGTAACTGCATCAGTACATGTACGCTTGATCGTTTGACATGTCACAACAAAACAAGAATACAACTTTTAACAATGGATCTCTTGGCTCTT,Eukaryota--100--Domain;Heterokontophyta--100--Kingdom;Stramenopiles--100--Phylum;Oomycetes--100--Class;Peronosporales--75--Order;Peronosporaceae--74--Family;Bremia--10--Genus;Bremia_lactucae--10--Species,43.4977578475336,0,0,0,22
AAGTCGTAACAAGGTTTCCGTAGGTGAACCTGCGGAAGGATCATTAATGAATTTCAAGTCGGTTGATTGTGCTGGCAGCAATGCATGTGCACGTTGATCGCAAATCCACACACCTGTGCACCTTTGACTTTGAGATTCGCTAGCTTCACGGCTTGCAGGCGGTTGATTTCAGTTTGAAGTTGACTTGAATCTCGAGGTTTTTTTACACATACTCGTGAATGTCATAGAATGTACTTGTGCTTAATTGCATATTATATATAACTTTCAACAACGGATCTCTTGGCTCTC,Eukaryota--100--Domain;Heterokontophyta--100--Kingdom;Stramenopiles--100--Phylum;Oomycetes--100--Class;Peronosporales--77--Order;Peronosporaceae--77--Family;Peronospora--65--Genus;Peronospora_tabacina--40--Species,49.4915254237288,0,0,20,0
AAGTCGTAACAAGGTTTCCGTAGGTGAACCTGCGGAAGGATCATTACAGAGCTCATGCCCTTACGGGTAGATCTCCCACCCTTGAATACTATACCTTAGTTGCTTTGGCAGGCCGTGGAAACACCACGGGCCTCGGCTTGTGCGTGCCTGCCAGAGGAAACAAAACCCTGTTTTTTAGTGATGTCTGAGTACTATAATAATAGTTAAAACTTTCAACAACGGATCTCTTGGTTCTG,Eukaryota--100--Domain;Heterokontophyta--100--Kingdom;Stramenopiles--100--Phylum;Oomycetes--100--Class;Saprolegniales--12--Order;Saprolegniaceae--12--Family;Achlya--10--Genus;Achlya_hypogyna--10--Species,48.5355648535565,0,0,20,0
AAGTCGTAACAAGGTTTCCGTAGGTGAACCTGCGGAAGGATCATTAACAAATCATGATTGTTGCCGAGTCCGAAAGGTCTCGGGGACAAAATAAGCCCGAACCTGTGTCTTCGGACCGGGTTAGGTGTTGAGGCGAAAGCCTCGGCGGTGAAGGCACTCGTGCTGGATCCACATAGACGCTTGTATGTTTGACAGTTTACAGTTGACACTTTAAAAATGACAACTTTTAACAATGGATCTCTTGGCTCTT,Eukaryota--100--Domain;Heterokontophyta--100--Kingdom;Stramenopiles--100--Phylum;Oomycetes--100--Class;Saprolegniales--5--Order;Saprolegniaceae--3--Family;Achlya--3--Genus;Achlya_hypogyna--3--Species,48.4,0,0,18,0
AAGTCGTAACAAGGTTTCCGTAGGTGAACCTGCGGAAGGATCATTATTGAATGAACTTGATGTAGTTGTCGCTGGCCCTCTCGGGGGTATGTGCACGCTCATCATCTTTATCTTTCCACCTGTGCACACTTTGTAGACCTGAATGGTACTTTCCGAGGCAACTCGGTCGGGAGGATTGCTGTGCGTTTATGCCGGCTTACCTTGCATTATTCAGGCCTATGTTTTCATATACCCCAAAGAATGTAACAGAATGTATTATTGGGCTTTTGTGCCTATAAACAATATACAACTTTCAGCAACGGATCTCTTGGCTCTC,Eukaryota--100--Domain;Heterokontophyta--100--Kingdom;Stramenopiles--100--Phylum;Oomycetes--100--Class;Peronosporales--66--Order;Salisapiliaceae--14--Family;Saprolegnia--14--Genus;Saprolegnia_diclina--14--Species,45.625,0,0,18,0
AAGTCGTAACAAGGTTTCCGTAGGTGAACCTGCGGAAGGATCATTAAAGAACGCCCCGTTTTTTGAAATGGGTAATTCCAAACCGTGTATACATACCTTTGTTGCTTTGGCAGGCCGCCCCTTGGGGCGTCGGCTCCGGCTGACTGCGCCTGCCAGAGGACCCAAACTCGTTTGTTTAGTGATGTCTGAGTACTATATAATAGTTAAAACTTTCAACAACGGATCTCTTGGTTCTG,Eukaryota--100--Domain;Heterokontophyta--100--Kingdom;Stramenopiles--100--Phylum;Oomycetes--100--Class;Peronosporales--82--Order;Peronosporaceae--82--Family;Peronospora--61--Genus;Peronospora_tabacina--20--Species,47.4789915966387,0,0,17,0
AAGTCGTAACAAGGTTTCCGTAGGTGAACCTGCGGAAGGATCATTAACACGTCCACACGTATCAACCCTCGCGAATCTGTTTAGTCGATCCTTAGAAATTGGGAGCTGATGAACGTTGGAGAAAACTGTTACGATTGGGGAGGGGAGAAGTGCTCTTCCGTATATCGGAGAACTCAAGATTTTGATTCTTCGGTGTCGGCTCTGGGTACTTTTTTCCTCGACAGTTTTTGTTTATCACTATGGCCCTCAGTTTCAACAAAGAACATCAAGGATCGTTTACCCTTTCGATTTTTTAAAACCCCTTGTACAATATGTACTGAATCTCTTCTTTTTTTGTGGAGCGTTTGTCCTCGGATGAAAACTCTTAAAAAAAAAGAAAATACGAAACAAATGAACAACTCTTAGCAACGGATATCTTGGTTTCC,Eukaryota--100--Domain;Heterokontophyta--100--Kingdom;Stramenopiles--100--Phylum;Oomycetes--100--Class;Peronosporales--85--Order;Peronosporaceae--83--Family;Peronospora--62--Genus;Peronospora_tabacina--30--Species,47.8971962616822,0,0,17,0
AAGTCGTAACAAGGTTTCCGTAGGTGAACCTGCGGAAGGATCATTAACAAATCATTTGTATGGGAAACCATACATATTTACCCCAAGCCTAGGATGTGCTTCGGCACAACACTGGGCTTTGGTTGGGCTGCGCTCATTCGTGAGGGCGGCTCCGGCATGTATGCTTCGGTGTACTAGCCACATAGACGCTTGTATGTTTGACAGTTTTAGTTGCTTTAAAAATGACAACTTTTAACAATGGATCTCTTGGCTCTT,Eukaryota--100--Domain;Heterokontophyta--100--Kingdom;Stramenopiles--100--Phylum;Oomycetes--100--Class;Peronosporales--76--Order;Peronosporaceae--71--Family;Peronospora--56--Genus;Peronospora_tabacina--17--Species,49.2307692307692,0,0,0,17
AAGTCGTAACAAGGTTTCCGTAGGTGAACCTGCGGAAGGATCATTAATAGAGTTCGTGCCCTCCCGGGTAGATCTCCCACCCTTGAATACATTACCTTTGTTGCTTTGGCAGGCTGCCTTTTTGGCGTTGGCCTCGGCTAGCTATGCCTGCCAGAGGACCCGAAACTCTTTTATTTAGTGATGTCTGAGTACTATATAATAGTTAAAACTTTCAACAACGGATCTCTTGGTTCTG,Eukaryota--100--Domain;Heterokontophyta--100--Kingdom;Stramenopiles--100--Phylum;Oomycetes--100--Class;Peronosporales--77--Order;Peronosporaceae--75--Family;Peronospora--39--Genus;Peronospora_tabacina--15--Species,49.5798319327731,0,0,16,0
AAGTCGTAACAAGGTTTCCGTAGGTGAACCTGCGGAAGGATCATTACAGAGTTCATGCCCTCACGGGTAGATCTCCCACCCTTGAATACCTTACCTTTGTTGCTTTGGCGGGCCACGTTCGCGTGTCGGCTTCGGCTGGCTGTGCCCGCCAGAGGACCCAAACTCTTTTGTTTAGTGATGTCTGAGTACTATATAATAGTTAAAACTTTCAACAACGGATCTCTTGGTTCTG,Eukaryota--100--Domain;Heterokontophyta--100--Kingdom;Stramenopiles--100--Phylum;Oomycetes--100--Class;Saprolegniales--13--Order;Saprolegniaceae--13--Family;Achlya--5--Genus;Achlya_hypogyna--5--Species,47.4576271186441,0,0,0,16
AAGTCGTAACAAGGTCTCCGTTGGTGAACCAGCGGAGGGATCATTATTAGAAGCCGAAAGGCTACTTAAAACCATCGCGAACTCGTCCAAGTTGCTTCGGCGGCGCGGCCTCCCTCACGGGGGCGCCGCAGCCCCGCCTCTCCGGAGGTGTAGGGCGCCCGCCGGAGGTACGAAACTCTGTATTATAGTGGCATCTCTGAGTAAAAACAAATAAGTTAAAACTTTCAACAACGGATCTCTTGGTTCTG,Eukaryota--100--Domain;Heterokontophyta--100--Kingdom;Stramenopiles--100--Phylum;Oomycetes--100--Class;Peronosporales--72--Order;Peronosporaceae--72--Family;Peronospora--52--Genus;Peronospora_tabacina--9--Species,44.2687747035573,0,0,15,0
AAGTCGTAACAAGGTAACCGTAGGTGAACCTGCGGTTGGATCATTAAAAAAAATTGAATCGTCTCCCGAAAGGGATGACGTCCAACCCCCATATTGTGAACTTGTAAACCTCCCTTTTAGCTAGGGATCTAATTTGCTTGGGAATGTGCCGTTAGCGGTCTTCCCAAGTTTATTTTTTCTCTTGTTATATTTTTTAAATGCCAAAAATTGAAAGAACTTGTCTTTACCGTAGTTTAATATATAAAATAATAAACAACTTTTGACAACGGATCTCTAGGCTCTC,Eukaryota--100--Domain;Heterokontophyta--100--Kingdom;Stramenopiles--100--Phylum;Oomycetes--100--Class;Peronosporales--76--Order;Peronosporaceae--76--Family;Peronospora--68--Genus;Peronospora_tabacina--54--Species,49.1349480968858,0,0,0,15
AAGTCGTAACAAGGTCTCCGTTGGTGAACCAGCGGAGGGATCATTATTAGAAGCCGAAAGGCTACTTAAAACCATCGCGAACTCATCCAAGTTGCTTCGGCGGTTGCGGCGTTCCCTCACGGGGCGCCGCGGCCCCGCCTCTCCGGAGGTGTGGGGCGCCCGCCGGAGGTACGAAACTCTGTATTATAGTGGCATCTCTGAGTAAAAAACAAATAAGTTAAAACTTTCAACAACGGATCTCTTGGTTCTG,Eukaryota--100--Domain;Heterokontophyta--100--Kingdom;Stramenopiles--100--Phylum;Oomycetes--100--Class;Peronosporales--69--Order;Peronosporaceae--67--Family;Peronospora--50--Genus;Peronospora_tabacina--21--Species,43.0830039525692,0,0,0,15
AAGTCGTAACAAGGTTTCCGTAGGTGAACCTGCGGAAGGATCATTACAGAGTTCATGCCCTTATGGGTAGATCTCCCACCCTTGAAATTTATACCTTTGTTGCTTTGGCGGGCCGCGGCCTCCGCTACCGGCTCCGGCTGGTATGTGCCCGCCAGAGGACCCAACTCTTGTTTTTAGTGATGTCTGAGTACTATATAATAGTTAAAACTTTCAACAACGGATCTCTTGGTTCTG,Eukaryota--100--Domain;Heterokontophyta--100--Kingdom;Stramenopiles--100--Phylum;Oomycetes--100--Class;Peronosporales--67--Order;Peronosporaceae--63--Family;Peronospora--38--Genus;Peronospora_tabacina--9--Species,45.9574468085106,0,0,0,15
AAGTCGTAACAAGGTTTCCGTAGGTGAACCTGCGGAAGGATCATTCATAATAAGTGTTTTATGGCACTTTTTAAATCCATATCCACCTTGTGTGCAATGTCAGTCGTTCTCTTATGAGAATGACCAAACATCAACCTATTTTTTAACTCTTTGTCTGAAAAATATTATGAATAAATAATTCAAAATACAACTTTCAACAACGGATCTCTTGGCTCTC,Eukaryota--100--Domain;Heterokontophyta--100--Kingdom;Stramenopiles--100--Phylum;Oomycetes--100--Class;Peronosporales--67--Order;Peronosporaceae--67--Family;Peronospora--45--Genus;Peronospora_tabacina--23--Species,52.073732718894,0,0,0,15
AAGTCGTAACAAGGTCTCCGTTGGTGAACCAGCGGAGGGATCATTAAAGGAGCCTTAAAAACTCCCAAACCCACTGTTAAACTTACCTTTATGTTGCTTCGGTAGGCGGCCCCAGGGCGGGGCTGTAGCCTTTTAGGTGCCTGCCGAAGGTTTTACACACCCGTCATATATAAGTGTCTGAGTATCTATAAAAATAAATCAAAACTTTCAACAACGGATCTCTTGGTTCTG,Eukaryota--100--Domain;Heterokontophyta--100--Kingdom;Stramenopiles--100--Phylum;Oomycetes--100--Class;Peronosporales--84--Order;Peronosporaceae--84--Family;Peronospora--54--Genus;Peronospora_tabacina--10--Species,47.008547008547,0,0,14,0
AAGTCGTAACAAGGTTTCCGTAGGTGAACCTGCGGAAGGATCATTAATGTAACCGGACCGGTCCTTTGCCGTAAAACGCACCGGATTGGAAAGGGAGATATCATACACCCTGTGTTTATTTACCTTTGTTGCTTTGGCGGGCCGTCCTTTAGGCGTCGGCCCCGGCTGATCGCGCCCGCCAGAGGACCCAAACTCTTTTATCAGTGATGTCTGAGTACTATATAATAGTTAAAACTTTCAACAACGGATCTCTTGGTTCTG,Eukaryota--100--Domain;Heterokontophyta--100--Kingdom;Stramenopiles--100--Phylum;Oomycetes--100--Class;Peronosporales--80--Order;Peronosporaceae--80--Family;Peronospora--46--Genus;Peronospora_tabacina--8--Species,48.314606741573,0,0,14,0
AAGTCGTAACAAGGTTTCCGTAGGTGAACCTGCGGAAGGATCATTAGTGAAGAACCCGGATGACTACGCTTGCAATCAACAAGCACGTCTCCAACCCTTCCTATCCACGCCGGCCAAGGGGTCCTTTAGGGGGCTCTGGAAGTCGAGAGCGCTGCGTTAGAGTGGGGTGCGTACCAGCCGCGACGGGTAACGTTGCGGATGGAGGCACTGCACTTGCAGCTGCTCGGTCTAAGCATTGCGCAAGCAAGGCTTACTTTGAATCATGTAGTCATGTATGTATAAAGTAGTATTACTTAAACATAATACAACTTTCAGCAACGGATCTCTTGGCTCTC,Eukaryota--100--Domain;Heterokontophyta--100--Kingdom;Stramenopiles--100--Phylum;Oomycetes--100--Class;Peronosporales--64--Order;Peronosporaceae--57--Family;Peronospora--47--Genus;Peronospora_tabacina--13--Species,43.491124260355,0,0,0,14
AAGTCGTAACAAGGTTTCCGTAGGTGAACCTGCGGAAGGATCATTACAGAGTTCATGCCCTCACGGGTAGATCTCCCACCCTTGAATACCTACCTTTGTTGCTTTGGCGGGCCACGTCCGCGTGTTGGCTTCGGCTGGCTGCGCCCGCCAGAGGACCCAAACTCGTTTGTTTAGTGATGTCTGAGTACTATATAATAGTTAAAACTTTCAACAACGGATCTCTTGGTTCTG,Eukaryota--100--Domain;Heterokontophyta--100--Kingdom;Stramenopiles--100--Phylum;Oomycetes--100--Class;Saprolegniales--16--Order;Saprolegniaceae--15--Family;Achlya--6--Genus;Achlya_hypogyna--6--Species,48.3050847457627,0,0,13,0
AAGTCGTAACAAGGTTTCCGTAGGTGAACCTGCGGAAGGATCATTACAGAGTTCATGCCCTTCGGGGTAGACCTCCCACCCTTGTGTATTTATACCTTTGTTGCTTTGGCAGGCCGCCGGGCTCGTCCCGGCTACCGGCTTCGGCTGGTGTGCGCCTGCCAGAGGACCCCAAACTCTGAATGTTAGTGTCGTCTGAGTACTATATAATAGTTAAAACTTTCAACAACGGATCTCTTGGTTCTG,Eukaryota--100--Domain;Heterokontophyta--100--Kingdom;Stramenopiles--100--Phylum;Oomycetes--100--Class;Saprolegniales--5--Order;Saprolegniaceae--5--Family;Achlya--4--Genus;Achlya_hypogyna--4--Species,46.2151394422311,0,0,13,0
AAGTCGTAACAAGGTTTCCGTAGGTGAACCTGCGGAAGGATCATTACCGAGTACCGGGTCTCTCAGGCCCTTACTCCCACCCTTTGTGTACCTTACCATTTATTCAGTTGCCTTGGTGGGTTTTTGACCCCCCGGGACCTTAGCTGGTCCTTGGGCGGGTCGCCCGCCAGGGGAACTCCCTTAAACTCTTGTGAACTGGGCTGTCTGAGAATAAATCAAATAAATAAAACTTTCAACAACGGATCTCTTGGTTCTG,Eukaryota--100--Domain;Heterokontophyta--100--Kingdom;Stramenopiles--100--Phylum;Oomycetes--100--Class;Peronosporales--72--Order;Peronosporaceae--69--Family;Bremia--14--Genus;Bremia_sonchicola--14--Species,44.4444444444444,0,0,13,0
AAGTCGTAACAAGGTTTCCGTAGGTGAACCTGCGGAAGGATCATTACAGAGTTCGTGCCCTTCGGGGTAGACCTCCCACCCTGTGTATACCGTGCCTTTGTTGCTTTGGCGGGCCGTCTTATGGCCACCGGCTGCGGTCGGTGCGCGCCCGCCAGAGAACCCAAATCCTGTATTACTGTGTCGTCCGAGCACTATATAATAGTTAAAACTTTCAACAACGGATCTCTTGGTTCTG,Eukaryota--100--Domain;Heterokontophyta--100--Kingdom;Stramenopiles--100--Phylum;Oomycetes--100--Class;Saprolegniales--21--Order;Saprolegniaceae--21--Family;Achlya--9--Genus;Achlya_hypogyna--9--Species,48.7603305785124,0,0,0,13
AAGTCGTAACAAGGTTTCCGTAGGTGAACCTGCGGAAGGATCATTACAGTGTTCCCTGCCCTTCGGGGTAGGATCGCCACCCTTGATTATTTTATGAGTGTTGCTTTGGCGGGCCTCGCGGCCTGGCCGCGCCCCGGCTCCGGCGGGGGAGCGCCCGCCAGAGGCTTCTACAAACCTGTGTATTAGTGTCGTCTGAGTACTATATAATAGTTAAAACTTTCAACAACGGATCTCTTGGTTCTG,Eukaryota--100--Domain;Heterokontophyta--100--Kingdom;Stramenopiles--100--Phylum;Oomycetes--100--Class;Peronosporales--67--Order;Peronosporaceae--67--Family;Peronospora--52--Genus;Peronospora_tabacina--33--Species,44.4897959183673,0,0,0,13
AAGTCGTAACAAGGTTTCCGTAGGTGAACCTGCGGAAGGATCATTAACACGAATTTATTATCCAATATCAAAACCAAACGTGAACTTTTTTTCTCCCTACATTTTTGTCTCATTAGAGATTTAGATGTAGGCTAACCTTCATATACTTAATATGTATATGAACTATTTCTTTTTAACCCCTTTAACTTAACTAGTTTTCAACTCATCTTTATGTTTTGAAGACAACTAACTAAAGAAAAACAAGGTTATTCGAAAGAGCAGCTTTGTATTTTTTTCGATTTACGAAAAACTACAACGAACAACTCTTAACAATGGATATCTTGGTTCTC,Eukaryota--100--Domain;Heterokontophyta--100--Kingdom;Stramenopiles--100--Phylum;Oomycetes--100--Class;Peronosporales--78--Order;Peronosporaceae--77--Family;Peronospora--62--Genus;Peronospora_tabacina--33--Species,52.0958083832335,0,0,0,12
AAGTCGTAACAAGGTTTCCGTAGGTGAACCTGCGGAAGGATCATTAATGAAATGCCAGGACGCTCTCTATAGAGGTCCGAACCAATTCATTTTCACACACTGTGCACAATACTACTATCATACACAATTTTACACGCTAAAGTCTAAGAATGTAGCAGTCTCTTAAGTGAGCATAACTTGTATAAACTTTCGGCAACGGATCTCTTGGCTCCC,Eukaryota--100--Domain;Heterokontophyta--100--Kingdom;Stramenopiles--100--Phylum;Oomycetes--100--Class;Peronosporales--76--Order;Peronosporaceae--75--Family;Peronospora--51--Genus;Peronospora_tabacina--30--Species,49.3023255813954,0,0,0,12
AAGTCGTAACAAGGTCTCCGTTGGTGAACCAGCGGAGGGATCATTACAGAGTTACTACTCCAAACCCATTGTGAACCTTACCTATGTTCTGTTGCCTCGGCGGCGTCGGTCAGCGCCCCTCTGAAAAGAGGACGATGCCCCTCCCGCCGGCAGCACCAAACTCTTGAATTTTACAGCGGATTACAGTTCTGATTTGAAAACAAAAAACAAGTTAAAACTTTCAACAACGGATCTCTTGGTTCTG,Eukaryota--100--Domain;Heterokontophyta--100--Kingdom;Stramenopiles--100--Phylum;Oomycetes--100--Class;Peronosporales--93--Order;Peronosporaceae--84--Family;Peronospora--56--Genus;Peronospora_tabacina--18--Species,45.5284552845528,0,0,0,11
AAGTCGTAACAAGGTTTCCGTAGGTGAACCTGCGGAAGGATCATTAAAGAATCGCCCCGTTTTTTGAAATGGGTTCCATTCCCAAACCGTGTATACATACCTTTGTTGCTTTGGCGGGCCGCCTTTTAGGCGTCGGCGTCGGCTGACTGCGCCTGCCAGAGGACCCAAACTCGTTTGTTTAGTGATGTCTGAGTACTATATAATAGTTAAAACTTTCAACAACGGATCTCTTGGTTCTG,Eukaryota--100--Domain;Heterokontophyta--100--Kingdom;Stramenopiles--100--Phylum;Oomycetes--100--Class;Peronosporales--79--Order;Peronosporaceae--79--Family;Peronospora--59--Genus;Peronospora_tabacina--21--Species,47.9338842975207,0,0,0,11
AAGTCGTAACAAGGTTTCCGTAGGTGAACCTGCGGAAGGATCATTACAGAGCTTCTAAGCTTAAGGGGGTAAAACCTCTGAGCGAGAACTCCACCCTTTGTTTACATACCTTTGTTGCTTTAGCAGGCCCGCTCTCGAGCCGCCGGCAATAGCTGGTCCGCGCCTGCTAGAGGACCTAAAACTCATGTTAATAATGTTGTCCGAGTACTATAACAATAGTTAAAACTTTCAACAACGGATCTCTTGGTTCTG,Eukaryota--100--Domain;Heterokontophyta--100--Kingdom;Stramenopiles--100--Phylum;Oomycetes--100--Class;Peronosporales--56--Order;Peronosporaceae--56--Family;Peronospora--37--Genus;Peronospora_tabacina--17--Species,48.2490272373541,0,0,0,11
AAGTCGTAACAAGGTCTCCGTTGGTGAACCAGCGGAGGGATCATTACAGTGTTACTACTCCAAACCCATTGTGAACCTTACCTATGTTCTGTTGCCTCGGCGGCGTCGGTCAGCGCCCCTCTGAAAAGAGGACGATGCCCCTCCCGCCGGCAGCACCAAACTCTTGAATTTTACAGCGGATTACAGTTCTGATTTGAAAACAAAAAACAAGTTAAAACTTTCAACAACGGATCTCTTGGTTCTG,Eukaryota--100--Domain;Heterokontophyta--100--Kingdom;Stramenopiles--100--Phylum;Oomycetes--100--Class;Peronosporales--78--Order;Peronosporaceae--72--Family;Peronospora--54--Genus;Peronospora_tabacina--16--Species,44.0816326530612,0,0,9,0
AAGTCGTAACAAGGTTTCCGTAGGTGAACCTGCGGAAGGATCATTAATGAAATGCAAGGACGCTCTTTTTAGAGGTCCGACCCAATTCATTTTCTCACACAGTGCACACTACTACTTTTTACACCATTTTTAACACCTAAGTCTAAGAATGTAAATTGTCTCTTAATTGAGCATAAAATTAAACAAAACTTTCAGCAACGGATCTCTTGGCTCTC,Eukaryota--100--Domain;Heterokontophyta--100--Kingdom;Stramenopiles--100--Phylum;Oomycetes--100--Class;Peronosporales--86--Order;Peronosporaceae--86--Family;Peronospora--80--Genus;Peronospora_tabacina--71--Species,51.8348623853211,0,0,9,0
AAGTCGTAACAAGGTTTCCGTAGGTGAACCTGCGGAAGGATCATTAGTGAATTGAATATGTTAGCGGACCTCTTCGGAGTCCCTAGCATCAAATCATATCCATAACACCTGTGAACTGTAAGGCTGTCTTGAAAACGAAAGTTATTAGAGCAGCCTGCCCATTTTATACAAACATTAAAGTAACAAACGTAGTCTTATTATAATCTAATAAAACTTTCAACAACGGATCTCTTGGCTCTC,Eukaryota--100--Domain;Heterokontophyta--100--Kingdom;Stramenopiles--100--Phylum;Oomycetes--100--Class;Lagenidiales--6--Order;Lagenidiaceae--6--Family;Lagenidium--6--Genus;Lagenidium_sp.sinuatum--6--Species,49.3877551020408,0,0,9,0
AAGTCGTAACAAGGTCTCCGTAGGTGAACCTGCGGAGGGATCATTACAGAGTTCATGCCCTCACGGGTAGATCTCCCACCCTTGTGTATTTATACCTTTGTTGCTTTGGCAGGCCGCCTGGGCGCATGCCTGGCCACCGGCTCCCGAGCTGGTGCGTGCCTGCCAGAGGATCTCCAAACTCTAGTTATCAGTGTTGTCTGAGTACTATACAATAGTTAAAACTTTCAACAACGGATCTCTTGGTTCTG,Eukaryota--100--Domain;Heterokontophyta--100--Kingdom;Stramenopiles--100--Phylum;Oomycetes--100--Class;Peronosporales--84--Order;Peronosporaceae--81--Family;Peronospora--47--Genus;Peronospora_centranthi--25--Species,44.2231075697211,0,0,8,0
AAGTCGTAACAAGGTTTCCGTAGGTGAACCTGCGGAAGGATCATTACAGAGAATCTCGCCCTTTTGGGTGAATCTCCAACCCTGTGTTATCTTATCTTTGTTGCTTTGGGAGCCGCTTCGGCCACTGGCTTCAGCTTGTGTGTGCTCCCAAGGGACCCCAACATCTTTATTATTAGTGTCGTCTGAGTACTATAAAATAGTTAAAACTTTCAACAACGGATCTCTTGGTTCTG,Eukaryota--100--Domain;Heterokontophyta--100--Kingdom;Stramenopiles--100--Phylum;Oomycetes--100--Class;Peronosporales--76--Order;Peronosporaceae--76--Family;Peronospora--41--Genus;Peronospora_silvestris--6--Species,46.7248908296943,0,0,8,0
AAGTCGTAACAAGGTCTCCGTAGGTGAACCTGCGGAGGGATCATTACAGAGTTCATGCCCTCACGGGTAGATCTCCCACCCTTGCGTATTCATACCTTTGTTGCTTTGGCAGGCCGCCTGGGCTCATGCCTGGCCACCGGCTCTCGGGCTGGTGCGTGCCTGCCAGAGGATCTCCAAACTCCAGTTATCAGTGTTGTCTGAGTCTTATACAATCGTTAAAACTTTCAACAACGGATCTCTTGGTTCTG,Eukaryota--100--Domain;Heterokontophyta--100--Kingdom;Stramenopiles--100--Phylum;Oomycetes--100--Class;Peronosporales--77--Order;Peronosporaceae--69--Family;Peronospora--38--Genus;Peronospora_centranthi--14--Species,43.6734693877551,0,0,0,8
AAGTCGTAACAAGGTTTCCGTAGGTGAACCTGCGGAAGGATCATTAGTCTATGCCAGCCTGGAAACGGGTCTTGGCGTCGGGTCTCGCTTTGCAAAAAGTGTAGGCTGTCTGAAAACCCTTGAATATAAAACATTGTTGCTTTGGTGGGCCGCCTCTTTTGGCGTCGGCCACGGCTGACAGTGCCCGCCAGAGGCCAAAAACTCTATTGTCTCTGACGTCTGAGTACTATATAATAGTTAAAACTTTCAACAACGGATCTCTTGGTTCTG,Eukaryota--100--Domain;Heterokontophyta--100--Kingdom;Stramenopiles--100--Phylum;Oomycetes--100--Class;Peronosporales--77--Order;Peronosporaceae--77--Family;Peronospora--51--Genus;Peronospora_tabacina--15--Species,45.985401459854,0,0,7,0
AAGTCGTAACAAGGTTTCCGTAGGTGAACCTGCGGAAGGATCATTATAGAGATTGGTTGGGTAACACCTTCCAAACCTCCCACCCTATGTTTACATTACCTTTGTTGCTTTGGTAGGCCCGTCTCTAGACTGCCGGCTTCGGCTGGCCAGTGCCTACCAGAGGATCCAAAACTCTGTTTAATTGTATTGTCTGAGTACTATATAATAGTTAAAACTTTCAACAACGGATCTCTTGGTTCTG,Eukaryota--100--Domain;Heterokontophyta--100--Kingdom;Stramenopiles--100--Phylum;Oomycetes--100--Class;Peronosporales--77--Order;Peronosporaceae--77--Family;Peronospora--52--Genus;Peronospora_tabacina--19--Species,47.9508196721311,0,0,0,7
AAGTCGTAACAAGGTATCCGTAGGTGAACCTGCGGATGGATCATTACCAAAGGAATAACTTCCTACGCACTGTGAACTGTTTTGACTGACAGTCAGTGACTGTTTGCCCTGCTTACTGTAGGGCTACGTGTTGCTGACTGTACTTACTAAACGTATTGTAACTGTTAAACTGAACTACTTTAGTATGAACTAAAGACAACTTTTAGCAATGGATCTCTTGGTTCTC,Eukaryota--100--Domain;Heterokontophyta--100--Kingdom;Stramenopiles--100--Phylum;Oomycetes--100--Class;Peronosporales--49--Order;Peronosporaceae--48--Family;Perofascia--19--Genus;Perofascia_sp.--19--Species,52.3605150214592,0,0,6,0
AAGTCGTAACAAGGTCTCCGTAGGTGAACCTGCGGAGGGATCATTACCGAGTTCATGCCCTTACGGGTAGATCTCCCACCCTATGTTATATTCCCTTTGTTGCTTTGGCAGGCCGTCAGGCTTCGGTCAGGCTACCGGCTCCGGCTGGTAAGCGCCCGCCAGAGGACCCTAAACTCTGAATATTAGTGTCGTCTGAGTACTATAAAATAGTCAAAACTTTCAACAACGGATCTCTTGGTTCTG,Eukaryota--100--Domain;Heterokontophyta--100--Kingdom;Stramenopiles--100--Phylum;Oomycetes--100--Class;Peronosporales--81--Order;Peronosporaceae--80--Family;Peronospora--66--Genus;Peronospora_tabacina--28--Species,48.1632653061224,0,0,6,0
AAGTCGTAACAAGGTTTCCGTAGGTGAACCTGCGGAAGGATCATTAAAGAACGCCCCGTTTTTTGAAATGGGTTCTTATTCCCAAACCGTGTATATATACCTTTGTTGCTTTGGCAGGCCGCCTTCTAGGTGTTGGCTTCGGCTGATTGCGCCTGCCAGAGGATCCAAACTCGTTTGTTTAGTAATGTCTGAGTAATATATAATAGTTAAAACTTTCAACAACGGATCTCTTGGTTCTG,Eukaryota--100--Domain;Heterokontophyta--100--Kingdom;Stramenopiles--100--Phylum;Oomycetes--100--Class;Peronosporales--73--Order;Peronosporaceae--73--Family;Peronospora--59--Genus;Peronospora_tabacina--30--Species,49.3827160493827,0,0,6,0
AAGTCGTAACAAGGTTTCCGTAGGTGAACCTGCGGAAGGATCATTACCGAGTTAGGGTCCTCAAAGGCCCGATCTCCCAACCCTTTGCTTATTATACCTTGTGTTGCTTCGGTAGGTCTGGCTCGTCCTACCGGAGGACCGTAAAACGTCCTCTGGAGAGTGCCTACCGATAGCCCAAACCAGAAACTCTTGAACAAAACATGTCTTGTCTGAGTAAACAAAAAAATTAAAGCAAAACTTTCAACAACGGATCTCTTGGTTCTG,Eukaryota--100--Domain;Heterokontophyta--100--Kingdom;Stramenopiles--100--Phylum;Oomycetes--100--Class;Peronosporales--64--Order;Peronosporaceae--63--Family;Peronospora--34--Genus;Peronospora_tabacina--9--Species,46.4684014869888,0,0,6,0
AAGTCGTAACAAGGTCTCCGTTGGTGAACCAGCGGAGGGATCATTACCGAGTTTACAACTCCCAAACCCATGTGAACATACCTACTGTTGCTTCGGCGGGATTGCCCCGGGCACCTCGTGTGCCCCGGATCAGGCGCCCGCCTAGGAAACTTAACTCTTGTTTTATTTTGGAATCTTCTGAGTAGTTTTTACAAATAAATAAAAACTTTCAACAACGGATCTCTTGGTTCTG,Eukaryota--100--Domain;Heterokontophyta--100--Kingdom;Stramenopiles--100--Phylum;Oomycetes--100--Class;Peronosporales--67--Order;Peronosporaceae--67--Family;Peronospora--41--Genus;Peronospora_tabacina--8--Species,49.1735537190083,0,0,0,6
AAGTCGTAACAAGGTCTCCGTTGGTGAACCAGCGGAGGGATCATTACTGAGTTATCCAACTCCCAAACCCCTGTGAACATACCTATGTTGCTTCGGCGGACCGTCCCGCGGCGCGCCCTCGTGGCGTGACCCGGATCCAGGCGCCCGCCGGGGAACCAAACTCTTGTTTTCTAGTGTCTCCTCTGAGTGGCATAAGCAAAAATAAACAAAACTTTCAGCAACGGATCTCTTGGTTCTG,Eukaryota--100--Domain;Heterokontophyta--100--Kingdom;Stramenopiles--100--Phylum;Oomycetes--100--Class;Peronosporales--68--Order;Peronosporaceae--68--Family;Peronospora--49--Genus;Peronospora_tabacina--12--Species,42.5619834710744,0,0,5,0
AAGTCGTAACAAGGTTTCCGTAGGTGAACCTGCGGAAGGATCATTATCGAGTTTTGACTGGGTTGTAGCTGGCCTTCCGAGGCATGTGCACGCCCTGCTCATCCACTCTACACCTGTGCACTTACTGTGGGTATCAGATCGTGAAGCGTGCTCTTTTACCGGAGCTTGTGAAGCGTGTCTGTGCCTGCGTTTATCACAAACACTATAAAGTATCAGAATGTGTATTACGATGTAACGCATCTATATACAACTTTCAGCAACGGATCTCTTGGCTCTC,Eukaryota--100--Domain;Heterokontophyta--100--Kingdom;Stramenopiles--100--Phylum;Oomycetes--100--Class;Saprolegniales--21--Order;Saplolegniaceae--19--Family;Aphanomyces--19--Genus;Aphanomyces_cochlioides--10--Species,46.4285714285714,0,0,0,5
AAGTCGTAACAAGGTTTCCGTAGGTGAACCTGCGGAAGGATCATTCATAATAAGTGTTTTATGGCACTTTTAAAAATCCATATCCACCTTGTGTGAAATGTCTGTCGCTTGCTTTTTTCTTCGGAAAAAAGGGGTGGCTCTACATCAACTCATTTTAAATACTTTGTCTGAAAACTATTATGAATAAACTAATTCAAAATACAACTTTCAACAACGGATCTCTTGGCTCTC,Eukaryota--100--Domain;Heterokontophyta--100--Kingdom;Stramenopiles--100--Phylum;Oomycetes--100--Class;Peronosporales--61--Order;Peronosporaceae--61--Family;Peronospora--43--Genus;Peronospora_tabacina--23--Species,51.2605042016807,0,0,0,5
AAGTCGTAACAAGGTCTCCGTAGGTGAACCTGCGGAGGGATCATTACAAGTGACCCCGGTCTAACCACCGGGATGTTCATAACCCTTTGTTGTCCGACTCTGTTGCCTCCGGGGCGACCCTGCCTTCGGGCGGGGGCTCCGGGTGGACACTTCAAACTCTTGCGTAACTTTGCAGTCTGAGTAAACTTAATTAATAAATTAAAACTTTTAACAACGGATCTCTTGGTTCTG,Eukaryota--100--Domain;Heterokontophyta--100--Kingdom;Stramenopiles--100--Phylum;Oomycetes--100--Class;Peronosporales--83--Order;Peronosporaceae--83--Family;Peronospora--66--Genus;Peronospora_tabacina--27--Species,47.0338983050847,0,0,4,0
AAGTCGTAACAAGGTTTCCGTAGGTGAACCTGCGGAAGGATCATTATAGAAATGCCCCTCTGTTCGCATGGGTTATTTTCAAAACCGTGTCTACCTTACCTTTGTTGCTTTGGCGGGCCGCCTTTGGGCGTTGGCTAATGCTAACTGTGCCCGCCAGAGGATCCAAAAACTCGTTGTTTAGTGGTGTCTGAGTACTATATAATAGTTAAAACTTTCAACAACGGATCTCTTGGTTCTG,Eukaryota--100--Domain;Heterokontophyta--100--Kingdom;Stramenopiles--100--Phylum;Oomycetes--100--Class;Peronosporales--88--Order;Peronosporaceae--87--Family;Peronospora--66--Genus;Peronospora_tabacina--23--Species,48.9795918367347,0,0,4,0
AAGTCGTAACAAGGTAACCGTAGGTGAACCTGCGGTTGGATCATTACAAAATGATATATTTCTAGGTTTGTAGTCTATTACTTTACGGTAATGTGATTCGCCTAGAAATATCAACAACCCAATGTGCACTGTTTCTGTTTTTCGGGTGATTGATTTCTGCAGTAATTTAATTATTACGGTTTAAAGAAATCGCCCGGCAGTTTATAAACCCAATTTTAATTATTAGTCTGATTATTTCTGAAAATGAAATGAAAACAACTTTTGACAACGGATCTCTTGGCTCTC,Eukaryota--100--Domain;Heterokontophyta--100--Kingdom;Stramenopiles--100--Phylum;Oomycetes--100--Class;Peronosporales--67--Order;Peronosporaceae--66--Family;Peronospora--57--Genus;Peronospora_tabacina--19--Species,50.6944444444444,0,0,0,4
AAGTCGTAACAAGGTTTCCGTAGGTGAACCTGCGGAAGGATCACTAAAGAATTCGCCCTTCGGGGCTCTCTTTATTCACACACCCCTGTGCACTTTGGCCACCTCTTTGTTGAGGTGTGTCTTTTTAATTACCATACCCTATAAACACAAGTTATTGAATGTAAAATCGTTATAAACTAATATAACTTTCAACAACGGATCTCTTGGTTCTC,Eukaryota--100--Domain;Heterokontophyta--100--Kingdom;Stramenopiles--100--Phylum;Oomycetes--100--Class;Peronosporales--84--Order;Peronosporaceae--84--Family;Peronospora--70--Genus;Peronospora_sp.--31--Species,50.462962962963,0,0,3,0
AAGTCGTAACAAGGTTTCCGTAGGTGAACCTGCGGAAGGATCATTAAAAATATAATTATATAAAATATTATATATAAATATTTTTATTTATAATAATAGAAAAATATAAAAAATATATATAAATTTAATTTATATAAAAATTTTATATTTTTCGGTGAGAATGATAACTCTCACCATTAAAAAATTAATAGTGTCATAAAAAATTATAATATAAAATCTTTAAAATTAATATTGTCTATGAATTATTTTTATTTAATAAATAAAATATAACTTTTAACAATGGATCTCTTGGCTCTT,Eukaryota--100--Domain;Heterokontophyta--100--Kingdom;Stramenopiles--100--Phylum;Oomycetes--100--Class;Peronosporales--81--Order;Peronosporaceae--81--Family;Peronospora--81--Genus;Peronospora_tabacina--81--Species,58.2802547770701,0,0,3,0
AAGTCGTAACAAGGTTTCCGTAGGTGAACCTGCGGAAGGATCATTAACAAATCTATTTGAGTGCTGCAGTCCTAGTGATTGCATGCACACATAAGCCCTAAAGCGTAGCACTTTTGTGTGACCGCTTTAGTGTGATTGGGGGATTCGATTTTTCGATTCCTTCAAAGGTCGTCCTTTGGGATGACCACATTGACGCTTGTTTGTTTGACAGAGTTTATTGTAACAAAAATTAGACAACTTTTAACAATGGATCTCTTGGCTCTT,Eukaryota--100--Domain;Heterokontophyta--100--Kingdom;Stramenopiles--100--Phylum;Oomycetes--100--Class;Peronosporales--76--Order;Peronosporaceae--76--Family;Peronospora--55--Genus;Peronospora_radii--16--Species,48.1203007518797,0,0,3,0
AAGTCGTAACAAGGTTTCCGTAGGTGAACCTGCGGAAGGATCATTAACATGTTGGAGTGGCCTCCGGGCCCGTCCTCCATAAACCCACCTCTGCGTACCTTTTCCTGTTGCTTCCGCGGGACATCGAGGCTAGCCTCGGACGTCTGGCGAGGAGGGATGCCGTATTCCTCCGTAGCCACGGCGGAGCGCCCGCGGGAGGTTATCCGAAGAAACCCATCTGCAATACATATCTTCTGTCTGAATGAGTAAACTCAATAGTTAAAACTTTCAACAACGGATCTCTTGGTTCTC,Eukaryota--100--Domain;Heterokontophyta--100--Kingdom;Stramenopiles--100--Phylum;Oomycetes--100--Class;Peronosporales--81--Order;Peronosporaceae--81--Family;Peronospora--70--Genus;Peronospora_tabacina--25--Species,43.9597315436242,0,0,3,0
AAGTCGTAACAAGGTTTCCGTAGGTGAACCTGCGGAAGGATCATTACAAATCTCGTCCTGCTGTGGTTGCTGCCATGGGCGGCGCCGCAGCAGCACATTGGCACAGCGGGCCCTCGGGTCCGTCTGATGTTTACGCTTGTTTGTTTGACAGAGTACAGGTGCCATAAACAAAGACAACTTTTAACAATGGATCTCTTGGCTCTT,Eukaryota--100--Domain;Heterokontophyta--100--Kingdom;Stramenopiles--100--Phylum;Oomycetes--100--Class;Saprolegniales--19--Order;Saprolegniaceae--19--Family;Achlya--17--Genus;Achlya_hypogyna--17--Species,44.9275362318841,0,0,2,0
AAGTCGTAACAAGGTATCCGTAGGTGAACCTGCGGATGGATCATTACTAAAGTATCCATCCTACGTTTTGTGAACTGTTTTGACTATCATAGTCAGTGTCTGGTGTGCTGTAACGGCCATCGATGCTGACTACACTGAATGTATATTTAAACTGACTGAGAGTACTATACTTATAGTAACCAATGAGAACTTTTAGCAACGGATCTCTTGGCTCTC,Eukaryota--100--Domain;Heterokontophyta--100--Kingdom;Stramenopiles--100--Phylum;Oomycetes--100--Class;Peronosporales--49--Order;Peronosporaceae--49--Family;Peronospora--36--Genus;Peronospora_tabacina--19--Species,51.3761467889908,0,0,0,2
AAGTCGTAACAAGGTTTCCGTAGGTGAACCTGCGGAAGGATCATTAACAAGTCCGCTGCGTGCGCAACACCCTTGCGTATGCACATCCGTTCCATGCGCACATATGCTCTTGTGTGTATGTGTGTGCATGACATTTCTGCAAATCTCTGATTGTCGCATCACAACAAACAATACAAACTTTTAACAATGGATCTCTAGGCTCTT,Eukaryota--100--Domain;Heterokontophyta--100--Kingdom;Stramenopiles--100--Phylum;Oomycetes--100--Class;Peronosporales--58--Order;Peronosporaceae--54--Family;Peronospora--39--Genus;Peronospora_lamii--6--Species,53.11004784689,0,0,0,2
AAGTCGTAACAAGGTTTCCGTAGGTGAACCTGCGGAAGGATCATTAGTGAAAACAAGGGCGTCCAATTTAACTTGGAGCCCGAACTCTCACTTTCTAACCCTGTGCATCTGTTATTGGTTAGTAGCTCTTCGGAGTGAACTCCATTCACTTACAAACACAAAGTTTATGAATGTATACAAAATTATAACAAAACAAAACTTTCAACAACGGATCTCTTGGCTCTC,Eukaryota--100--Domain;Heterokontophyta--100--Kingdom;Stramenopiles--100--Phylum;Oomycetes--100--Class;Pythiales--30--Order;Pythiaceae--30--Family;Pythium--30--Genus;Pythium_flevoense--2--Species,49.7797356828194,0,0,0,2
AAGTCGTAACAAGGTTTCCGTAGGTGAACCTGCGGAAGGATCATTAGTGAATTTTGAGCGCTTCTTTACGAAGGCTCGACCTCCACTTCTAACACTGTGCATTAACAAATTTGGTTAGTTTTGGAGATGCAAGTCTCTATAAGCCAGCCTTATTTATTCATTACAAACTTCAGTTAAAGAATGTAACAAACCTAAAACAAAAAAAACTTTCAACAACGGATCTCTTGGCTCTC,Eukaryota--100--Domain;Heterokontophyta--100--Kingdom;Stramenopiles--100--Phylum;Oomycetes--100--Class;Peronosporales--78--Order;Peronosporaceae--78--Family;Peronospora--56--Genus;Peronospora_tabacina--20--Species,49.1452991452991,0,0,0,2
